"Part";"Value";"Device";"Package";"Description";"";
"C4";"0.1u";"CAP0603";"C0603";"";"";
"D2";"";"LED0603";"CHIP-LED0603";"";"";
"D3";"";"LED0603";"CHIP-LED0603";"";"";
"D4";"";"LED0603";"CHIP-LED0603";"";"";
"D5";"";"LED0603";"CHIP-LED0603";"";"";
"D6";"";"LED0603";"CHIP-LED0603";"";"";
"D7";"";"LED0603";"CHIP-LED0603";"";"";
"D8";"";"LED0603";"CHIP-LED0603";"";"";
"D9";"";"LED0603";"CHIP-LED0603";"";"";
"D10";"";"LED0603";"CHIP-LED0603";"";"";
"D11";"";"LED0603";"CHIP-LED0603";"";"";
"D12";"";"LED0603";"CHIP-LED0603";"";"";
"D13";"";"LED0603";"CHIP-LED0603";"";"";
"D14";"";"LED0603";"CHIP-LED0603";"";"";
"D15";"";"LED0603";"CHIP-LED0603";"";"";
"D16";"";"LED0603";"CHIP-LED0603";"";"";
"D17";"";"LED0603";"CHIP-LED0603";"";"";
"D18";"";"LED0603";"CHIP-LED0603";"";"";
"D19";"";"LED0603";"CHIP-LED0603";"";"";
"D20";"";"LED0603";"CHIP-LED0603";"";"";
"D21";"";"LED0603";"CHIP-LED0603";"";"";
"D22";"";"LED0603";"CHIP-LED0603";"";"";
"D23";"";"LED0603";"CHIP-LED0603";"";"";
"D24";"";"LED0603";"CHIP-LED0603";"";"";
"DRAINA2";"TPTHT";"TPTHT";"PROTOPAD-THT-PAD";"";"";
"DRAINA3";"TPTHT";"TPTHT";"PROTOPAD-THT-PAD";"";"";
"DRAINA4";"TPTHT";"TPTHT";"PROTOPAD-THT-PAD";"";"";
"DRAINA5";"TPTHT";"TPTHT";"PROTOPAD-THT-PAD";"";"";
"DRAINA21";"TPTHT";"TPTHT";"PROTOPAD-THT-PAD";"";"";
"DRAINA22";"TPTHT";"TPTHT";"PROTOPAD-THT-PAD";"";"";
"DRAINA23";"TPTHT";"TPTHT";"PROTOPAD-THT-PAD";"";"";
"DRAINA24";"TPTHT";"TPTHT";"PROTOPAD-THT-PAD";"";"";
"DRAINA25";"TPTHT";"TPTHT";"PROTOPAD-THT-PAD";"";"";
"DRAINA26";"TPTHT";"TPTHT";"PROTOPAD-THT-PAD";"";"";
"DRAINA27";"TPTHT";"TPTHT";"PROTOPAD-THT-PAD";"";"";
"DRAINA28";"TPTHT";"TPTHT";"PROTOPAD-THT-PAD";"";"";
"DRAINA29";"TPTHT";"TPTHT";"PROTOPAD-THT-PAD";"";"";
"DRAINA30";"TPTHT";"TPTHT";"PROTOPAD-THT-PAD";"";"";
"DRAINA31";"TPTHT";"TPTHT";"PROTOPAD-THT-PAD";"";"";
"DRAINA32";"TPTHT";"TPTHT";"PROTOPAD-THT-PAD";"";"";
"DRAINA33";"TPTHT";"TPTHT";"PROTOPAD-THT-PAD";"";"";
"DRAINA34";"TPTHT";"TPTHT";"PROTOPAD-THT-PAD";"";"";
"DRAINA35";"TPTHT";"TPTHT";"PROTOPAD-THT-PAD";"";"";
"DRAINA36";"TPTHT";"TPTHT";"PROTOPAD-THT-PAD";"";"";
"DRAINA37";"TPTHT";"TPTHT";"PROTOPAD-THT-PAD";"";"";
"DRAINA38";"TPTHT";"TPTHT";"PROTOPAD-THT-PAD";"";"";
"DRAINA39";"TPTHT";"TPTHT";"PROTOPAD-THT-PAD";"";"";
"DRAINA40";"TPTHT";"TPTHT";"PROTOPAD-THT-PAD";"";"";
"DRAINA41";"TPTHT";"TPTHT";"PROTOPAD-THT-PAD";"";"";
"DRAINA42";"TPTHT";"TPTHT";"PROTOPAD-THT-PAD";"";"";
"DRAINA43";"TPTHT";"TPTHT";"PROTOPAD-THT-PAD";"";"";
"DRAINA44";"TPTHT";"TPTHT";"PROTOPAD-THT-PAD";"";"";
"DRAINA45";"TPTHT";"TPTHT";"PROTOPAD-THT-PAD";"";"";
"DRAINA46";"TPTHT";"TPTHT";"PROTOPAD-THT-PAD";"";"";
"DRAINA47";"TPTHT";"TPTHT";"PROTOPAD-THT-PAD";"";"";
"DRAINA48";"TPTHT";"TPTHT";"PROTOPAD-THT-PAD";"";"";
"DRAINA49";"TPTHT";"TPTHT";"PROTOPAD-THT-PAD";"";"";
"DRAINA50";"TPTHT";"TPTHT";"PROTOPAD-THT-PAD";"";"";
"DRAINA51";"TPTHT";"TPTHT";"PROTOPAD-THT-PAD";"";"";
"DRAINA52";"TPTHT";"TPTHT";"PROTOPAD-THT-PAD";"";"";
"DRAINA53";"TPTHT";"TPTHT";"PROTOPAD-THT-PAD";"";"";
"DRAINA54";"TPTHT";"TPTHT";"PROTOPAD-THT-PAD";"";"";
"DRAINA55";"TPTHT";"TPTHT";"PROTOPAD-THT-PAD";"";"";
"DRAINA56";"TPTHT";"TPTHT";"PROTOPAD-THT-PAD";"";"";
"DRAINA57";"TPTHT";"TPTHT";"PROTOPAD-THT-PAD";"";"";
"DRAINA58";"TPTHT";"TPTHT";"PROTOPAD-THT-PAD";"";"";
"DRAINA59";"TPTHT";"TPTHT";"PROTOPAD-THT-PAD";"";"";
"DRAINA60";"TPTHT";"TPTHT";"PROTOPAD-THT-PAD";"";"";
"DRAINA61";"TPTHT";"TPTHT";"PROTOPAD-THT-PAD";"";"";
"DRAINA62";"TPTHT";"TPTHT";"PROTOPAD-THT-PAD";"";"";
"DRAINA63";"TPTHT";"TPTHT";"PROTOPAD-THT-PAD";"";"";
"DRAINA64";"TPTHT";"TPTHT";"PROTOPAD-THT-PAD";"";"";
"DRAINA65";"TPTHT";"TPTHT";"PROTOPAD-THT-PAD";"";"";
"DRAINA66";"TPTHT";"TPTHT";"PROTOPAD-THT-PAD";"";"";
"DRAINA67";"TPTHT";"TPTHT";"PROTOPAD-THT-PAD";"";"";
"DRAINA68";"TPTHT";"TPTHT";"PROTOPAD-THT-PAD";"";"";
"DRAINA69";"TPTHT";"TPTHT";"PROTOPAD-THT-PAD";"";"";
"DRAINA70";"TPTHT";"TPTHT";"PROTOPAD-THT-PAD";"";"";
"DRAINA71";"TPTHT";"TPTHT";"PROTOPAD-THT-PAD";"";"";
"DRAINA72";"TPTHT";"TPTHT";"PROTOPAD-THT-PAD";"";"";
"DRAINA73";"TPTHT";"TPTHT";"PROTOPAD-THT-PAD";"";"";
"DRAINA74";"TPTHT";"TPTHT";"PROTOPAD-THT-PAD";"";"";
"DRAINA75";"TPTHT";"TPTHT";"PROTOPAD-THT-PAD";"";"";
"DRAINA76";"TPTHT";"TPTHT";"PROTOPAD-THT-PAD";"";"";
"DRAINA77";"TPTHT";"TPTHT";"PROTOPAD-THT-PAD";"";"";
"DRAINA78";"TPTHT";"TPTHT";"PROTOPAD-THT-PAD";"";"";
"DRAINA79";"TPTHT";"TPTHT";"PROTOPAD-THT-PAD";"";"";
"DRAINA80";"TPTHT";"TPTHT";"PROTOPAD-THT-PAD";"";"";
"DRAINA81";"TPTHT";"TPTHT";"PROTOPAD-THT-PAD";"";"";
"DRAINA82";"TPTHT";"TPTHT";"PROTOPAD-THT-PAD";"";"";
"DRAINA83";"TPTHT";"TPTHT";"PROTOPAD-THT-PAD";"";"";
"DRAINA84";"TPTHT";"TPTHT";"PROTOPAD-THT-PAD";"";"";
"DRAINA85";"TPTHT";"TPTHT";"PROTOPAD-THT-PAD";"";"";
"DRAINA86";"TPTHT";"TPTHT";"PROTOPAD-THT-PAD";"";"";
"DRAINA87";"TPTHT";"TPTHT";"PROTOPAD-THT-PAD";"";"";
"DRAINA88";"TPTHT";"TPTHT";"PROTOPAD-THT-PAD";"";"";
"DRAINA89";"TPTHT";"TPTHT";"PROTOPAD-THT-PAD";"";"";
"DRAINA90";"TPTHT";"TPTHT";"PROTOPAD-THT-PAD";"";"";
"DRAINA91";"TPTHT";"TPTHT";"PROTOPAD-THT-PAD";"";"";
"DRAINA92";"TPTHT";"TPTHT";"PROTOPAD-THT-PAD";"";"";
"DRAINA93";"TPTHT";"TPTHT";"PROTOPAD-THT-PAD";"";"";
"DRAINA94";"TPTHT";"TPTHT";"PROTOPAD-THT-PAD";"";"";
"DRAINA95";"TPTHT";"TPTHT";"PROTOPAD-THT-PAD";"";"";
"DRAINA96";"TPTHT";"TPTHT";"PROTOPAD-THT-PAD";"";"";
"DRAINA97";"TPTHT";"TPTHT";"PROTOPAD-THT-PAD";"";"";
"DRAINA98";"TPTHT";"TPTHT";"PROTOPAD-THT-PAD";"";"";
"DRAINA99";"TPTHT";"TPTHT";"PROTOPAD-THT-PAD";"";"";
"DRAINA100";"TPTHT";"TPTHT";"PROTOPAD-THT-PAD";"";"";
"DRAINA101";"TPTHT";"TPTHT";"PROTOPAD-THT-PAD";"";"";
"DRAINA102";"TPTHT";"TPTHT";"PROTOPAD-THT-PAD";"";"";
"DRAINA103";"TPTHT";"TPTHT";"PROTOPAD-THT-PAD";"";"";
"DRAINA104";"TPTHT";"TPTHT";"PROTOPAD-THT-PAD";"";"";
"DRAINA105";"TPTHT";"TPTHT";"PROTOPAD-THT-PAD";"";"";
"DRAINA106";"TPTHT";"TPTHT";"PROTOPAD-THT-PAD";"";"";
"DRAINA107";"TPTHT";"TPTHT";"PROTOPAD-THT-PAD";"";"";
"DRAINA108";"TPTHT";"TPTHT";"PROTOPAD-THT-PAD";"";"";
"DRAINA109";"TPTHT";"TPTHT";"PROTOPAD-THT-PAD";"";"";
"DRAINA110";"TPTHT";"TPTHT";"PROTOPAD-THT-PAD";"";"";
"DRAINA111";"TPTHT";"TPTHT";"PROTOPAD-THT-PAD";"";"";
"DRAINA112";"TPTHT";"TPTHT";"PROTOPAD-THT-PAD";"";"";
"DRAINB2";"TPTHT";"TPTHT";"PROTOPAD-THT-PAD";"";"";
"DRAINB3";"TPTHT";"TPTHT";"PROTOPAD-THT-PAD";"";"";
"DRAINB4";"TPTHT";"TPTHT";"PROTOPAD-THT-PAD";"";"";
"DRAINB5";"TPTHT";"TPTHT";"PROTOPAD-THT-PAD";"";"";
"DRAINB21";"TPTHT";"TPTHT";"PROTOPAD-THT-PAD";"";"";
"DRAINB22";"TPTHT";"TPTHT";"PROTOPAD-THT-PAD";"";"";
"DRAINB23";"TPTHT";"TPTHT";"PROTOPAD-THT-PAD";"";"";
"DRAINB24";"TPTHT";"TPTHT";"PROTOPAD-THT-PAD";"";"";
"DRAINB25";"TPTHT";"TPTHT";"PROTOPAD-THT-PAD";"";"";
"DRAINB26";"TPTHT";"TPTHT";"PROTOPAD-THT-PAD";"";"";
"DRAINB27";"TPTHT";"TPTHT";"PROTOPAD-THT-PAD";"";"";
"DRAINB28";"TPTHT";"TPTHT";"PROTOPAD-THT-PAD";"";"";
"DRAINB29";"TPTHT";"TPTHT";"PROTOPAD-THT-PAD";"";"";
"DRAINB30";"TPTHT";"TPTHT";"PROTOPAD-THT-PAD";"";"";
"DRAINB31";"TPTHT";"TPTHT";"PROTOPAD-THT-PAD";"";"";
"DRAINB32";"TPTHT";"TPTHT";"PROTOPAD-THT-PAD";"";"";
"DRAINB33";"TPTHT";"TPTHT";"PROTOPAD-THT-PAD";"";"";
"DRAINB34";"TPTHT";"TPTHT";"PROTOPAD-THT-PAD";"";"";
"DRAINB35";"TPTHT";"TPTHT";"PROTOPAD-THT-PAD";"";"";
"DRAINB36";"TPTHT";"TPTHT";"PROTOPAD-THT-PAD";"";"";
"DRAINB37";"TPTHT";"TPTHT";"PROTOPAD-THT-PAD";"";"";
"DRAINB38";"TPTHT";"TPTHT";"PROTOPAD-THT-PAD";"";"";
"DRAINB39";"TPTHT";"TPTHT";"PROTOPAD-THT-PAD";"";"";
"DRAINB40";"TPTHT";"TPTHT";"PROTOPAD-THT-PAD";"";"";
"DRAINB41";"TPTHT";"TPTHT";"PROTOPAD-THT-PAD";"";"";
"DRAINB42";"TPTHT";"TPTHT";"PROTOPAD-THT-PAD";"";"";
"DRAINB43";"TPTHT";"TPTHT";"PROTOPAD-THT-PAD";"";"";
"DRAINB44";"TPTHT";"TPTHT";"PROTOPAD-THT-PAD";"";"";
"DRAINB45";"TPTHT";"TPTHT";"PROTOPAD-THT-PAD";"";"";
"DRAINB46";"TPTHT";"TPTHT";"PROTOPAD-THT-PAD";"";"";
"DRAINB47";"TPTHT";"TPTHT";"PROTOPAD-THT-PAD";"";"";
"DRAINB48";"TPTHT";"TPTHT";"PROTOPAD-THT-PAD";"";"";
"DRAINB49";"TPTHT";"TPTHT";"PROTOPAD-THT-PAD";"";"";
"DRAINB50";"TPTHT";"TPTHT";"PROTOPAD-THT-PAD";"";"";
"DRAINB51";"TPTHT";"TPTHT";"PROTOPAD-THT-PAD";"";"";
"DRAINB52";"TPTHT";"TPTHT";"PROTOPAD-THT-PAD";"";"";
"DRAINB53";"TPTHT";"TPTHT";"PROTOPAD-THT-PAD";"";"";
"DRAINB54";"TPTHT";"TPTHT";"PROTOPAD-THT-PAD";"";"";
"DRAINB55";"TPTHT";"TPTHT";"PROTOPAD-THT-PAD";"";"";
"DRAINB56";"TPTHT";"TPTHT";"PROTOPAD-THT-PAD";"";"";
"DRAINB57";"TPTHT";"TPTHT";"PROTOPAD-THT-PAD";"";"";
"DRAINB58";"TPTHT";"TPTHT";"PROTOPAD-THT-PAD";"";"";
"DRAINB59";"TPTHT";"TPTHT";"PROTOPAD-THT-PAD";"";"";
"DRAINB60";"TPTHT";"TPTHT";"PROTOPAD-THT-PAD";"";"";
"DRAINB61";"TPTHT";"TPTHT";"PROTOPAD-THT-PAD";"";"";
"DRAINB62";"TPTHT";"TPTHT";"PROTOPAD-THT-PAD";"";"";
"DRAINB63";"TPTHT";"TPTHT";"PROTOPAD-THT-PAD";"";"";
"DRAINB64";"TPTHT";"TPTHT";"PROTOPAD-THT-PAD";"";"";
"DRAINB65";"TPTHT";"TPTHT";"PROTOPAD-THT-PAD";"";"";
"DRAINB66";"TPTHT";"TPTHT";"PROTOPAD-THT-PAD";"";"";
"DRAINB67";"TPTHT";"TPTHT";"PROTOPAD-THT-PAD";"";"";
"DRAINB68";"TPTHT";"TPTHT";"PROTOPAD-THT-PAD";"";"";
"DRAINB69";"TPTHT";"TPTHT";"PROTOPAD-THT-PAD";"";"";
"DRAINB70";"TPTHT";"TPTHT";"PROTOPAD-THT-PAD";"";"";
"DRAINB71";"TPTHT";"TPTHT";"PROTOPAD-THT-PAD";"";"";
"DRAINB72";"TPTHT";"TPTHT";"PROTOPAD-THT-PAD";"";"";
"DRAINB73";"TPTHT";"TPTHT";"PROTOPAD-THT-PAD";"";"";
"DRAINB74";"TPTHT";"TPTHT";"PROTOPAD-THT-PAD";"";"";
"DRAINB75";"TPTHT";"TPTHT";"PROTOPAD-THT-PAD";"";"";
"DRAINB76";"TPTHT";"TPTHT";"PROTOPAD-THT-PAD";"";"";
"DRAINB77";"TPTHT";"TPTHT";"PROTOPAD-THT-PAD";"";"";
"DRAINB78";"TPTHT";"TPTHT";"PROTOPAD-THT-PAD";"";"";
"DRAINB79";"TPTHT";"TPTHT";"PROTOPAD-THT-PAD";"";"";
"DRAINB80";"TPTHT";"TPTHT";"PROTOPAD-THT-PAD";"";"";
"DRAINB81";"TPTHT";"TPTHT";"PROTOPAD-THT-PAD";"";"";
"DRAINB82";"TPTHT";"TPTHT";"PROTOPAD-THT-PAD";"";"";
"DRAINB83";"TPTHT";"TPTHT";"PROTOPAD-THT-PAD";"";"";
"DRAINB84";"TPTHT";"TPTHT";"PROTOPAD-THT-PAD";"";"";
"DRAINB85";"TPTHT";"TPTHT";"PROTOPAD-THT-PAD";"";"";
"DRAINB86";"TPTHT";"TPTHT";"PROTOPAD-THT-PAD";"";"";
"DRAINB87";"TPTHT";"TPTHT";"PROTOPAD-THT-PAD";"";"";
"DRAINB88";"TPTHT";"TPTHT";"PROTOPAD-THT-PAD";"";"";
"DRAINB89";"TPTHT";"TPTHT";"PROTOPAD-THT-PAD";"";"";
"DRAINB90";"TPTHT";"TPTHT";"PROTOPAD-THT-PAD";"";"";
"DRAINB91";"TPTHT";"TPTHT";"PROTOPAD-THT-PAD";"";"";
"DRAINB92";"TPTHT";"TPTHT";"PROTOPAD-THT-PAD";"";"";
"DRAINB93";"TPTHT";"TPTHT";"PROTOPAD-THT-PAD";"";"";
"DRAINB94";"TPTHT";"TPTHT";"PROTOPAD-THT-PAD";"";"";
"DRAINB95";"TPTHT";"TPTHT";"PROTOPAD-THT-PAD";"";"";
"DRAINB96";"TPTHT";"TPTHT";"PROTOPAD-THT-PAD";"";"";
"DRAINB97";"TPTHT";"TPTHT";"PROTOPAD-THT-PAD";"";"";
"DRAINB98";"TPTHT";"TPTHT";"PROTOPAD-THT-PAD";"";"";
"DRAINB99";"TPTHT";"TPTHT";"PROTOPAD-THT-PAD";"";"";
"DRAINB100";"TPTHT";"TPTHT";"PROTOPAD-THT-PAD";"";"";
"DRAINB101";"TPTHT";"TPTHT";"PROTOPAD-THT-PAD";"";"";
"DRAINB102";"TPTHT";"TPTHT";"PROTOPAD-THT-PAD";"";"";
"DRAINB103";"TPTHT";"TPTHT";"PROTOPAD-THT-PAD";"";"";
"DRAINB104";"TPTHT";"TPTHT";"PROTOPAD-THT-PAD";"";"";
"DRAINB105";"TPTHT";"TPTHT";"PROTOPAD-THT-PAD";"";"";
"DRAINB106";"TPTHT";"TPTHT";"PROTOPAD-THT-PAD";"";"";
"DRAINB107";"TPTHT";"TPTHT";"PROTOPAD-THT-PAD";"";"";
"DRAINB108";"TPTHT";"TPTHT";"PROTOPAD-THT-PAD";"";"";
"DRAINB109";"TPTHT";"TPTHT";"PROTOPAD-THT-PAD";"";"";
"DRAINB110";"TPTHT";"TPTHT";"PROTOPAD-THT-PAD";"";"";
"DRAINB111";"TPTHT";"TPTHT";"PROTOPAD-THT-PAD";"";"";
"DRAINB112";"TPTHT";"TPTHT";"PROTOPAD-THT-PAD";"";"";
"GATEA2";"TPTHT";"TPTHT";"PROTOPAD-THT-PAD";"";"";
"GATEA3";"TPTHT";"TPTHT";"PROTOPAD-THT-PAD";"";"";
"GATEA4";"TPTHT";"TPTHT";"PROTOPAD-THT-PAD";"";"";
"GATEA5";"TPTHT";"TPTHT";"PROTOPAD-THT-PAD";"";"";
"GATEA21";"TPTHT";"TPTHT";"PROTOPAD-THT-PAD";"";"";
"GATEA22";"TPTHT";"TPTHT";"PROTOPAD-THT-PAD";"";"";
"GATEA23";"TPTHT";"TPTHT";"PROTOPAD-THT-PAD";"";"";
"GATEA24";"TPTHT";"TPTHT";"PROTOPAD-THT-PAD";"";"";
"GATEA25";"TPTHT";"TPTHT";"PROTOPAD-THT-PAD";"";"";
"GATEA26";"TPTHT";"TPTHT";"PROTOPAD-THT-PAD";"";"";
"GATEA27";"TPTHT";"TPTHT";"PROTOPAD-THT-PAD";"";"";
"GATEA28";"TPTHT";"TPTHT";"PROTOPAD-THT-PAD";"";"";
"GATEA29";"TPTHT";"TPTHT";"PROTOPAD-THT-PAD";"";"";
"GATEA30";"TPTHT";"TPTHT";"PROTOPAD-THT-PAD";"";"";
"GATEA31";"TPTHT";"TPTHT";"PROTOPAD-THT-PAD";"";"";
"GATEA32";"TPTHT";"TPTHT";"PROTOPAD-THT-PAD";"";"";
"GATEA33";"TPTHT";"TPTHT";"PROTOPAD-THT-PAD";"";"";
"GATEA34";"TPTHT";"TPTHT";"PROTOPAD-THT-PAD";"";"";
"GATEA35";"TPTHT";"TPTHT";"PROTOPAD-THT-PAD";"";"";
"GATEA36";"TPTHT";"TPTHT";"PROTOPAD-THT-PAD";"";"";
"GATEA37";"TPTHT";"TPTHT";"PROTOPAD-THT-PAD";"";"";
"GATEA38";"TPTHT";"TPTHT";"PROTOPAD-THT-PAD";"";"";
"GATEA39";"TPTHT";"TPTHT";"PROTOPAD-THT-PAD";"";"";
"GATEA40";"TPTHT";"TPTHT";"PROTOPAD-THT-PAD";"";"";
"GATEA41";"TPTHT";"TPTHT";"PROTOPAD-THT-PAD";"";"";
"GATEA42";"TPTHT";"TPTHT";"PROTOPAD-THT-PAD";"";"";
"GATEA43";"TPTHT";"TPTHT";"PROTOPAD-THT-PAD";"";"";
"GATEA44";"TPTHT";"TPTHT";"PROTOPAD-THT-PAD";"";"";
"GATEA45";"TPTHT";"TPTHT";"PROTOPAD-THT-PAD";"";"";
"GATEA46";"TPTHT";"TPTHT";"PROTOPAD-THT-PAD";"";"";
"GATEA47";"TPTHT";"TPTHT";"PROTOPAD-THT-PAD";"";"";
"GATEA48";"TPTHT";"TPTHT";"PROTOPAD-THT-PAD";"";"";
"GATEA49";"TPTHT";"TPTHT";"PROTOPAD-THT-PAD";"";"";
"GATEA50";"TPTHT";"TPTHT";"PROTOPAD-THT-PAD";"";"";
"GATEA51";"TPTHT";"TPTHT";"PROTOPAD-THT-PAD";"";"";
"GATEA52";"TPTHT";"TPTHT";"PROTOPAD-THT-PAD";"";"";
"GATEA53";"TPTHT";"TPTHT";"PROTOPAD-THT-PAD";"";"";
"GATEA54";"TPTHT";"TPTHT";"PROTOPAD-THT-PAD";"";"";
"GATEA55";"TPTHT";"TPTHT";"PROTOPAD-THT-PAD";"";"";
"GATEA56";"TPTHT";"TPTHT";"PROTOPAD-THT-PAD";"";"";
"GATEA57";"TPTHT";"TPTHT";"PROTOPAD-THT-PAD";"";"";
"GATEA58";"TPTHT";"TPTHT";"PROTOPAD-THT-PAD";"";"";
"GATEA59";"TPTHT";"TPTHT";"PROTOPAD-THT-PAD";"";"";
"GATEA60";"TPTHT";"TPTHT";"PROTOPAD-THT-PAD";"";"";
"GATEA61";"TPTHT";"TPTHT";"PROTOPAD-THT-PAD";"";"";
"GATEA62";"TPTHT";"TPTHT";"PROTOPAD-THT-PAD";"";"";
"GATEA63";"TPTHT";"TPTHT";"PROTOPAD-THT-PAD";"";"";
"GATEA64";"TPTHT";"TPTHT";"PROTOPAD-THT-PAD";"";"";
"GATEA65";"TPTHT";"TPTHT";"PROTOPAD-THT-PAD";"";"";
"GATEA66";"TPTHT";"TPTHT";"PROTOPAD-THT-PAD";"";"";
"GATEA67";"TPTHT";"TPTHT";"PROTOPAD-THT-PAD";"";"";
"GATEA68";"TPTHT";"TPTHT";"PROTOPAD-THT-PAD";"";"";
"GATEA69";"TPTHT";"TPTHT";"PROTOPAD-THT-PAD";"";"";
"GATEA70";"TPTHT";"TPTHT";"PROTOPAD-THT-PAD";"";"";
"GATEA71";"TPTHT";"TPTHT";"PROTOPAD-THT-PAD";"";"";
"GATEA72";"TPTHT";"TPTHT";"PROTOPAD-THT-PAD";"";"";
"GATEA73";"TPTHT";"TPTHT";"PROTOPAD-THT-PAD";"";"";
"GATEA74";"TPTHT";"TPTHT";"PROTOPAD-THT-PAD";"";"";
"GATEA75";"TPTHT";"TPTHT";"PROTOPAD-THT-PAD";"";"";
"GATEA76";"TPTHT";"TPTHT";"PROTOPAD-THT-PAD";"";"";
"GATEA77";"TPTHT";"TPTHT";"PROTOPAD-THT-PAD";"";"";
"GATEA78";"TPTHT";"TPTHT";"PROTOPAD-THT-PAD";"";"";
"GATEA79";"TPTHT";"TPTHT";"PROTOPAD-THT-PAD";"";"";
"GATEA80";"TPTHT";"TPTHT";"PROTOPAD-THT-PAD";"";"";
"GATEA81";"TPTHT";"TPTHT";"PROTOPAD-THT-PAD";"";"";
"GATEA82";"TPTHT";"TPTHT";"PROTOPAD-THT-PAD";"";"";
"GATEA83";"TPTHT";"TPTHT";"PROTOPAD-THT-PAD";"";"";
"GATEA84";"TPTHT";"TPTHT";"PROTOPAD-THT-PAD";"";"";
"GATEA85";"TPTHT";"TPTHT";"PROTOPAD-THT-PAD";"";"";
"GATEA86";"TPTHT";"TPTHT";"PROTOPAD-THT-PAD";"";"";
"GATEA87";"TPTHT";"TPTHT";"PROTOPAD-THT-PAD";"";"";
"GATEA88";"TPTHT";"TPTHT";"PROTOPAD-THT-PAD";"";"";
"GATEA89";"TPTHT";"TPTHT";"PROTOPAD-THT-PAD";"";"";
"GATEA90";"TPTHT";"TPTHT";"PROTOPAD-THT-PAD";"";"";
"GATEA91";"TPTHT";"TPTHT";"PROTOPAD-THT-PAD";"";"";
"GATEA92";"TPTHT";"TPTHT";"PROTOPAD-THT-PAD";"";"";
"GATEA93";"TPTHT";"TPTHT";"PROTOPAD-THT-PAD";"";"";
"GATEA94";"TPTHT";"TPTHT";"PROTOPAD-THT-PAD";"";"";
"GATEA95";"TPTHT";"TPTHT";"PROTOPAD-THT-PAD";"";"";
"GATEA96";"TPTHT";"TPTHT";"PROTOPAD-THT-PAD";"";"";
"GATEA97";"TPTHT";"TPTHT";"PROTOPAD-THT-PAD";"";"";
"GATEA98";"TPTHT";"TPTHT";"PROTOPAD-THT-PAD";"";"";
"GATEA99";"TPTHT";"TPTHT";"PROTOPAD-THT-PAD";"";"";
"GATEA100";"TPTHT";"TPTHT";"PROTOPAD-THT-PAD";"";"";
"GATEA101";"TPTHT";"TPTHT";"PROTOPAD-THT-PAD";"";"";
"GATEA102";"TPTHT";"TPTHT";"PROTOPAD-THT-PAD";"";"";
"GATEA103";"TPTHT";"TPTHT";"PROTOPAD-THT-PAD";"";"";
"GATEA104";"TPTHT";"TPTHT";"PROTOPAD-THT-PAD";"";"";
"GATEA105";"TPTHT";"TPTHT";"PROTOPAD-THT-PAD";"";"";
"GATEA106";"TPTHT";"TPTHT";"PROTOPAD-THT-PAD";"";"";
"GATEA107";"TPTHT";"TPTHT";"PROTOPAD-THT-PAD";"";"";
"GATEA108";"TPTHT";"TPTHT";"PROTOPAD-THT-PAD";"";"";
"GATEA109";"TPTHT";"TPTHT";"PROTOPAD-THT-PAD";"";"";
"GATEA110";"TPTHT";"TPTHT";"PROTOPAD-THT-PAD";"";"";
"GATEA111";"TPTHT";"TPTHT";"PROTOPAD-THT-PAD";"";"";
"GATEA112";"TPTHT";"TPTHT";"PROTOPAD-THT-PAD";"";"";
"GATEB2";"TPTHT";"TPTHT";"PROTOPAD-THT-PAD";"";"";
"GATEB3";"TPTHT";"TPTHT";"PROTOPAD-THT-PAD";"";"";
"GATEB4";"TPTHT";"TPTHT";"PROTOPAD-THT-PAD";"";"";
"GATEB5";"TPTHT";"TPTHT";"PROTOPAD-THT-PAD";"";"";
"GATEB21";"TPTHT";"TPTHT";"PROTOPAD-THT-PAD";"";"";
"GATEB22";"TPTHT";"TPTHT";"PROTOPAD-THT-PAD";"";"";
"GATEB23";"TPTHT";"TPTHT";"PROTOPAD-THT-PAD";"";"";
"GATEB24";"TPTHT";"TPTHT";"PROTOPAD-THT-PAD";"";"";
"GATEB25";"TPTHT";"TPTHT";"PROTOPAD-THT-PAD";"";"";
"GATEB26";"TPTHT";"TPTHT";"PROTOPAD-THT-PAD";"";"";
"GATEB27";"TPTHT";"TPTHT";"PROTOPAD-THT-PAD";"";"";
"GATEB28";"TPTHT";"TPTHT";"PROTOPAD-THT-PAD";"";"";
"GATEB29";"TPTHT";"TPTHT";"PROTOPAD-THT-PAD";"";"";
"GATEB30";"TPTHT";"TPTHT";"PROTOPAD-THT-PAD";"";"";
"GATEB31";"TPTHT";"TPTHT";"PROTOPAD-THT-PAD";"";"";
"GATEB32";"TPTHT";"TPTHT";"PROTOPAD-THT-PAD";"";"";
"GATEB33";"TPTHT";"TPTHT";"PROTOPAD-THT-PAD";"";"";
"GATEB34";"TPTHT";"TPTHT";"PROTOPAD-THT-PAD";"";"";
"GATEB35";"TPTHT";"TPTHT";"PROTOPAD-THT-PAD";"";"";
"GATEB36";"TPTHT";"TPTHT";"PROTOPAD-THT-PAD";"";"";
"GATEB37";"TPTHT";"TPTHT";"PROTOPAD-THT-PAD";"";"";
"GATEB38";"TPTHT";"TPTHT";"PROTOPAD-THT-PAD";"";"";
"GATEB39";"TPTHT";"TPTHT";"PROTOPAD-THT-PAD";"";"";
"GATEB40";"TPTHT";"TPTHT";"PROTOPAD-THT-PAD";"";"";
"GATEB41";"TPTHT";"TPTHT";"PROTOPAD-THT-PAD";"";"";
"GATEB42";"TPTHT";"TPTHT";"PROTOPAD-THT-PAD";"";"";
"GATEB43";"TPTHT";"TPTHT";"PROTOPAD-THT-PAD";"";"";
"GATEB44";"TPTHT";"TPTHT";"PROTOPAD-THT-PAD";"";"";
"GATEB45";"TPTHT";"TPTHT";"PROTOPAD-THT-PAD";"";"";
"GATEB46";"TPTHT";"TPTHT";"PROTOPAD-THT-PAD";"";"";
"GATEB47";"TPTHT";"TPTHT";"PROTOPAD-THT-PAD";"";"";
"GATEB48";"TPTHT";"TPTHT";"PROTOPAD-THT-PAD";"";"";
"GATEB49";"TPTHT";"TPTHT";"PROTOPAD-THT-PAD";"";"";
"GATEB50";"TPTHT";"TPTHT";"PROTOPAD-THT-PAD";"";"";
"GATEB51";"TPTHT";"TPTHT";"PROTOPAD-THT-PAD";"";"";
"GATEB52";"TPTHT";"TPTHT";"PROTOPAD-THT-PAD";"";"";
"GATEB53";"TPTHT";"TPTHT";"PROTOPAD-THT-PAD";"";"";
"GATEB54";"TPTHT";"TPTHT";"PROTOPAD-THT-PAD";"";"";
"GATEB55";"TPTHT";"TPTHT";"PROTOPAD-THT-PAD";"";"";
"GATEB56";"TPTHT";"TPTHT";"PROTOPAD-THT-PAD";"";"";
"GATEB57";"TPTHT";"TPTHT";"PROTOPAD-THT-PAD";"";"";
"GATEB58";"TPTHT";"TPTHT";"PROTOPAD-THT-PAD";"";"";
"GATEB59";"TPTHT";"TPTHT";"PROTOPAD-THT-PAD";"";"";
"GATEB60";"TPTHT";"TPTHT";"PROTOPAD-THT-PAD";"";"";
"GATEB61";"TPTHT";"TPTHT";"PROTOPAD-THT-PAD";"";"";
"GATEB62";"TPTHT";"TPTHT";"PROTOPAD-THT-PAD";"";"";
"GATEB63";"TPTHT";"TPTHT";"PROTOPAD-THT-PAD";"";"";
"GATEB64";"TPTHT";"TPTHT";"PROTOPAD-THT-PAD";"";"";
"GATEB65";"TPTHT";"TPTHT";"PROTOPAD-THT-PAD";"";"";
"GATEB66";"TPTHT";"TPTHT";"PROTOPAD-THT-PAD";"";"";
"GATEB67";"TPTHT";"TPTHT";"PROTOPAD-THT-PAD";"";"";
"GATEB68";"TPTHT";"TPTHT";"PROTOPAD-THT-PAD";"";"";
"GATEB69";"TPTHT";"TPTHT";"PROTOPAD-THT-PAD";"";"";
"GATEB70";"TPTHT";"TPTHT";"PROTOPAD-THT-PAD";"";"";
"GATEB71";"TPTHT";"TPTHT";"PROTOPAD-THT-PAD";"";"";
"GATEB72";"TPTHT";"TPTHT";"PROTOPAD-THT-PAD";"";"";
"GATEB73";"TPTHT";"TPTHT";"PROTOPAD-THT-PAD";"";"";
"GATEB74";"TPTHT";"TPTHT";"PROTOPAD-THT-PAD";"";"";
"GATEB75";"TPTHT";"TPTHT";"PROTOPAD-THT-PAD";"";"";
"GATEB76";"TPTHT";"TPTHT";"PROTOPAD-THT-PAD";"";"";
"GATEB77";"TPTHT";"TPTHT";"PROTOPAD-THT-PAD";"";"";
"GATEB78";"TPTHT";"TPTHT";"PROTOPAD-THT-PAD";"";"";
"GATEB79";"TPTHT";"TPTHT";"PROTOPAD-THT-PAD";"";"";
"GATEB80";"TPTHT";"TPTHT";"PROTOPAD-THT-PAD";"";"";
"GATEB81";"TPTHT";"TPTHT";"PROTOPAD-THT-PAD";"";"";
"GATEB82";"TPTHT";"TPTHT";"PROTOPAD-THT-PAD";"";"";
"GATEB83";"TPTHT";"TPTHT";"PROTOPAD-THT-PAD";"";"";
"GATEB84";"TPTHT";"TPTHT";"PROTOPAD-THT-PAD";"";"";
"GATEB85";"TPTHT";"TPTHT";"PROTOPAD-THT-PAD";"";"";
"GATEB86";"TPTHT";"TPTHT";"PROTOPAD-THT-PAD";"";"";
"GATEB87";"TPTHT";"TPTHT";"PROTOPAD-THT-PAD";"";"";
"GATEB88";"TPTHT";"TPTHT";"PROTOPAD-THT-PAD";"";"";
"GATEB89";"TPTHT";"TPTHT";"PROTOPAD-THT-PAD";"";"";
"GATEB90";"TPTHT";"TPTHT";"PROTOPAD-THT-PAD";"";"";
"GATEB91";"TPTHT";"TPTHT";"PROTOPAD-THT-PAD";"";"";
"GATEB92";"TPTHT";"TPTHT";"PROTOPAD-THT-PAD";"";"";
"GATEB93";"TPTHT";"TPTHT";"PROTOPAD-THT-PAD";"";"";
"GATEB94";"TPTHT";"TPTHT";"PROTOPAD-THT-PAD";"";"";
"GATEB95";"TPTHT";"TPTHT";"PROTOPAD-THT-PAD";"";"";
"GATEB96";"TPTHT";"TPTHT";"PROTOPAD-THT-PAD";"";"";
"GATEB97";"TPTHT";"TPTHT";"PROTOPAD-THT-PAD";"";"";
"GATEB98";"TPTHT";"TPTHT";"PROTOPAD-THT-PAD";"";"";
"GATEB99";"TPTHT";"TPTHT";"PROTOPAD-THT-PAD";"";"";
"GATEB100";"TPTHT";"TPTHT";"PROTOPAD-THT-PAD";"";"";
"GATEB101";"TPTHT";"TPTHT";"PROTOPAD-THT-PAD";"";"";
"GATEB102";"TPTHT";"TPTHT";"PROTOPAD-THT-PAD";"";"";
"GATEB103";"TPTHT";"TPTHT";"PROTOPAD-THT-PAD";"";"";
"GATEB104";"TPTHT";"TPTHT";"PROTOPAD-THT-PAD";"";"";
"GATEB105";"TPTHT";"TPTHT";"PROTOPAD-THT-PAD";"";"";
"GATEB106";"TPTHT";"TPTHT";"PROTOPAD-THT-PAD";"";"";
"GATEB107";"TPTHT";"TPTHT";"PROTOPAD-THT-PAD";"";"";
"GATEB108";"TPTHT";"TPTHT";"PROTOPAD-THT-PAD";"";"";
"GATEB109";"TPTHT";"TPTHT";"PROTOPAD-THT-PAD";"";"";
"GATEB110";"TPTHT";"TPTHT";"PROTOPAD-THT-PAD";"";"";
"GATEB111";"TPTHT";"TPTHT";"PROTOPAD-THT-PAD";"";"";
"GATEB112";"TPTHT";"TPTHT";"PROTOPAD-THT-PAD";"";"";
"J1";"";"CON-F-2SCREWTERM-0.1"";"OSTVN02A150";"";"";
"JD2";"SJ_NO_THIN";"SJ_NO_THIN";"SJ_2S-NO-THIN";"Solder Jumper";"";
"JD3";"SJ_NO_THIN";"SJ_NO_THIN";"SJ_2S-NO-THIN";"Solder Jumper";"";
"JD4";"SJ_NO_THIN";"SJ_NO_THIN";"SJ_2S-NO-THIN";"Solder Jumper";"";
"JD5";"SJ_NO_THIN";"SJ_NO_THIN";"SJ_2S-NO-THIN";"Solder Jumper";"";
"JD21";"SJ_NO_THIN";"SJ_NO_THIN";"SJ_2S-NO-THIN";"Solder Jumper";"";
"JD22";"SJ_NO_THIN";"SJ_NO_THIN";"SJ_2S-NO-THIN";"Solder Jumper";"";
"JD23";"SJ_NO_THIN";"SJ_NO_THIN";"SJ_2S-NO-THIN";"Solder Jumper";"";
"JD24";"SJ_NO_THIN";"SJ_NO_THIN";"SJ_2S-NO-THIN";"Solder Jumper";"";
"JD25";"SJ_NO_THIN";"SJ_NO_THIN";"SJ_2S-NO-THIN";"Solder Jumper";"";
"JD26";"SJ_NO_THIN";"SJ_NO_THIN";"SJ_2S-NO-THIN";"Solder Jumper";"";
"JD27";"SJ_NO_THIN";"SJ_NO_THIN";"SJ_2S-NO-THIN";"Solder Jumper";"";
"JD28";"SJ_NO_THIN";"SJ_NO_THIN";"SJ_2S-NO-THIN";"Solder Jumper";"";
"JD29";"SJ_NO_THIN";"SJ_NO_THIN";"SJ_2S-NO-THIN";"Solder Jumper";"";
"JD30";"SJ_NO_THIN";"SJ_NO_THIN";"SJ_2S-NO-THIN";"Solder Jumper";"";
"JD31";"SJ_NO_THIN";"SJ_NO_THIN";"SJ_2S-NO-THIN";"Solder Jumper";"";
"JD32";"SJ_NO_THIN";"SJ_NO_THIN";"SJ_2S-NO-THIN";"Solder Jumper";"";
"JD33";"SJ_NO_THIN";"SJ_NO_THIN";"SJ_2S-NO-THIN";"Solder Jumper";"";
"JD34";"SJ_NO_THIN";"SJ_NO_THIN";"SJ_2S-NO-THIN";"Solder Jumper";"";
"JD35";"SJ_NO_THIN";"SJ_NO_THIN";"SJ_2S-NO-THIN";"Solder Jumper";"";
"JD36";"SJ_NO_THIN";"SJ_NO_THIN";"SJ_2S-NO-THIN";"Solder Jumper";"";
"JD37";"SJ_NO_THIN";"SJ_NO_THIN";"SJ_2S-NO-THIN";"Solder Jumper";"";
"JD38";"SJ_NO_THIN";"SJ_NO_THIN";"SJ_2S-NO-THIN";"Solder Jumper";"";
"JD39";"SJ_NO_THIN";"SJ_NO_THIN";"SJ_2S-NO-THIN";"Solder Jumper";"";
"JD40";"SJ_NO_THIN";"SJ_NO_THIN";"SJ_2S-NO-THIN";"Solder Jumper";"";
"JD41";"SJ_NO_THIN";"SJ_NO_THIN";"SJ_2S-NO-THIN";"Solder Jumper";"";
"JD42";"SJ_NO_THIN";"SJ_NO_THIN";"SJ_2S-NO-THIN";"Solder Jumper";"";
"JD43";"SJ_NO_THIN";"SJ_NO_THIN";"SJ_2S-NO-THIN";"Solder Jumper";"";
"JD44";"SJ_NO_THIN";"SJ_NO_THIN";"SJ_2S-NO-THIN";"Solder Jumper";"";
"JD45";"SJ_NO_THIN";"SJ_NO_THIN";"SJ_2S-NO-THIN";"Solder Jumper";"";
"JD46";"SJ_NO_THIN";"SJ_NO_THIN";"SJ_2S-NO-THIN";"Solder Jumper";"";
"JD47";"SJ_NO_THIN";"SJ_NO_THIN";"SJ_2S-NO-THIN";"Solder Jumper";"";
"JD48";"SJ_NO_THIN";"SJ_NO_THIN";"SJ_2S-NO-THIN";"Solder Jumper";"";
"JD49";"SJ_NO_THIN";"SJ_NO_THIN";"SJ_2S-NO-THIN";"Solder Jumper";"";
"JD50";"SJ_NO_THIN";"SJ_NO_THIN";"SJ_2S-NO-THIN";"Solder Jumper";"";
"JD51";"SJ_NO_THIN";"SJ_NO_THIN";"SJ_2S-NO-THIN";"Solder Jumper";"";
"JD52";"SJ_NO_THIN";"SJ_NO_THIN";"SJ_2S-NO-THIN";"Solder Jumper";"";
"JD53";"SJ_NO_THIN";"SJ_NO_THIN";"SJ_2S-NO-THIN";"Solder Jumper";"";
"JD54";"SJ_NO_THIN";"SJ_NO_THIN";"SJ_2S-NO-THIN";"Solder Jumper";"";
"JD55";"SJ_NO_THIN";"SJ_NO_THIN";"SJ_2S-NO-THIN";"Solder Jumper";"";
"JD56";"SJ_NO_THIN";"SJ_NO_THIN";"SJ_2S-NO-THIN";"Solder Jumper";"";
"JD57";"SJ_NO_THIN";"SJ_NO_THIN";"SJ_2S-NO-THIN";"Solder Jumper";"";
"JD58";"SJ_NO_THIN";"SJ_NO_THIN";"SJ_2S-NO-THIN";"Solder Jumper";"";
"JD59";"SJ_NO_THIN";"SJ_NO_THIN";"SJ_2S-NO-THIN";"Solder Jumper";"";
"JD60";"SJ_NO_THIN";"SJ_NO_THIN";"SJ_2S-NO-THIN";"Solder Jumper";"";
"JD61";"SJ_NO_THIN";"SJ_NO_THIN";"SJ_2S-NO-THIN";"Solder Jumper";"";
"JD62";"SJ_NO_THIN";"SJ_NO_THIN";"SJ_2S-NO-THIN";"Solder Jumper";"";
"JD63";"SJ_NO_THIN";"SJ_NO_THIN";"SJ_2S-NO-THIN";"Solder Jumper";"";
"JD64";"SJ_NO_THIN";"SJ_NO_THIN";"SJ_2S-NO-THIN";"Solder Jumper";"";
"JD65";"SJ_NO_THIN";"SJ_NO_THIN";"SJ_2S-NO-THIN";"Solder Jumper";"";
"JD66";"SJ_NO_THIN";"SJ_NO_THIN";"SJ_2S-NO-THIN";"Solder Jumper";"";
"JD67";"SJ_NO_THIN";"SJ_NO_THIN";"SJ_2S-NO-THIN";"Solder Jumper";"";
"JD68";"SJ_NO_THIN";"SJ_NO_THIN";"SJ_2S-NO-THIN";"Solder Jumper";"";
"JD69";"SJ_NO_THIN";"SJ_NO_THIN";"SJ_2S-NO-THIN";"Solder Jumper";"";
"JD70";"SJ_NO_THIN";"SJ_NO_THIN";"SJ_2S-NO-THIN";"Solder Jumper";"";
"JD71";"SJ_NO_THIN";"SJ_NO_THIN";"SJ_2S-NO-THIN";"Solder Jumper";"";
"JD72";"SJ_NO_THIN";"SJ_NO_THIN";"SJ_2S-NO-THIN";"Solder Jumper";"";
"JD73";"SJ_NO_THIN";"SJ_NO_THIN";"SJ_2S-NO-THIN";"Solder Jumper";"";
"JD74";"SJ_NO_THIN";"SJ_NO_THIN";"SJ_2S-NO-THIN";"Solder Jumper";"";
"JD75";"SJ_NO_THIN";"SJ_NO_THIN";"SJ_2S-NO-THIN";"Solder Jumper";"";
"JD76";"SJ_NO_THIN";"SJ_NO_THIN";"SJ_2S-NO-THIN";"Solder Jumper";"";
"JD77";"SJ_NO_THIN";"SJ_NO_THIN";"SJ_2S-NO-THIN";"Solder Jumper";"";
"JD78";"SJ_NO_THIN";"SJ_NO_THIN";"SJ_2S-NO-THIN";"Solder Jumper";"";
"JD79";"SJ_NO_THIN";"SJ_NO_THIN";"SJ_2S-NO-THIN";"Solder Jumper";"";
"JD80";"SJ_NO_THIN";"SJ_NO_THIN";"SJ_2S-NO-THIN";"Solder Jumper";"";
"JD81";"SJ_NO_THIN";"SJ_NO_THIN";"SJ_2S-NO-THIN";"Solder Jumper";"";
"JD82";"SJ_NO_THIN";"SJ_NO_THIN";"SJ_2S-NO-THIN";"Solder Jumper";"";
"JD83";"SJ_NO_THIN";"SJ_NO_THIN";"SJ_2S-NO-THIN";"Solder Jumper";"";
"JD84";"SJ_NO_THIN";"SJ_NO_THIN";"SJ_2S-NO-THIN";"Solder Jumper";"";
"JD85";"SJ_NO_THIN";"SJ_NO_THIN";"SJ_2S-NO-THIN";"Solder Jumper";"";
"JD86";"SJ_NO_THIN";"SJ_NO_THIN";"SJ_2S-NO-THIN";"Solder Jumper";"";
"JD87";"SJ_NO_THIN";"SJ_NO_THIN";"SJ_2S-NO-THIN";"Solder Jumper";"";
"JD88";"SJ_NO_THIN";"SJ_NO_THIN";"SJ_2S-NO-THIN";"Solder Jumper";"";
"JD89";"SJ_NO_THIN";"SJ_NO_THIN";"SJ_2S-NO-THIN";"Solder Jumper";"";
"JD90";"SJ_NO_THIN";"SJ_NO_THIN";"SJ_2S-NO-THIN";"Solder Jumper";"";
"JD91";"SJ_NO_THIN";"SJ_NO_THIN";"SJ_2S-NO-THIN";"Solder Jumper";"";
"JD92";"SJ_NO_THIN";"SJ_NO_THIN";"SJ_2S-NO-THIN";"Solder Jumper";"";
"JD93";"SJ_NO_THIN";"SJ_NO_THIN";"SJ_2S-NO-THIN";"Solder Jumper";"";
"JD94";"SJ_NO_THIN";"SJ_NO_THIN";"SJ_2S-NO-THIN";"Solder Jumper";"";
"JD95";"SJ_NO_THIN";"SJ_NO_THIN";"SJ_2S-NO-THIN";"Solder Jumper";"";
"JD96";"SJ_NO_THIN";"SJ_NO_THIN";"SJ_2S-NO-THIN";"Solder Jumper";"";
"JD97";"SJ_NO_THIN";"SJ_NO_THIN";"SJ_2S-NO-THIN";"Solder Jumper";"";
"JD98";"SJ_NO_THIN";"SJ_NO_THIN";"SJ_2S-NO-THIN";"Solder Jumper";"";
"JD99";"SJ_NO_THIN";"SJ_NO_THIN";"SJ_2S-NO-THIN";"Solder Jumper";"";
"JD100";"SJ_NO_THIN";"SJ_NO_THIN";"SJ_2S-NO-THIN";"Solder Jumper";"";
"JD101";"SJ_NO_THIN";"SJ_NO_THIN";"SJ_2S-NO-THIN";"Solder Jumper";"";
"JD102";"SJ_NO_THIN";"SJ_NO_THIN";"SJ_2S-NO-THIN";"Solder Jumper";"";
"JD103";"SJ_NO_THIN";"SJ_NO_THIN";"SJ_2S-NO-THIN";"Solder Jumper";"";
"JD104";"SJ_NO_THIN";"SJ_NO_THIN";"SJ_2S-NO-THIN";"Solder Jumper";"";
"JD105";"SJ_NO_THIN";"SJ_NO_THIN";"SJ_2S-NO-THIN";"Solder Jumper";"";
"JD106";"SJ_NO_THIN";"SJ_NO_THIN";"SJ_2S-NO-THIN";"Solder Jumper";"";
"JD107";"SJ_NO_THIN";"SJ_NO_THIN";"SJ_2S-NO-THIN";"Solder Jumper";"";
"JD108";"SJ_NO_THIN";"SJ_NO_THIN";"SJ_2S-NO-THIN";"Solder Jumper";"";
"JD109";"SJ_NO_THIN";"SJ_NO_THIN";"SJ_2S-NO-THIN";"Solder Jumper";"";
"JD110";"SJ_NO_THIN";"SJ_NO_THIN";"SJ_2S-NO-THIN";"Solder Jumper";"";
"JD111";"SJ_NO_THIN";"SJ_NO_THIN";"SJ_2S-NO-THIN";"Solder Jumper";"";
"JD112";"SJ_NO_THIN";"SJ_NO_THIN";"SJ_2S-NO-THIN";"Solder Jumper";"";
"JN2";"SJ_NO_THIN";"SJ_NO_THIN";"SJ_2S-NO-THIN";"Solder Jumper";"";
"JN3";"SJ_NO_THIN";"SJ_NO_THIN";"SJ_2S-NO-THIN";"Solder Jumper";"";
"JN4";"SJ_NO_THIN";"SJ_NO_THIN";"SJ_2S-NO-THIN";"Solder Jumper";"";
"JN5";"SJ_NO_THIN";"SJ_NO_THIN";"SJ_2S-NO-THIN";"Solder Jumper";"";
"JN21";"SJ_NO_THIN";"SJ_NO_THIN";"SJ_2S-NO-THIN";"Solder Jumper";"";
"JN22";"SJ_NO_THIN";"SJ_NO_THIN";"SJ_2S-NO-THIN";"Solder Jumper";"";
"JN23";"SJ_NO_THIN";"SJ_NO_THIN";"SJ_2S-NO-THIN";"Solder Jumper";"";
"JN24";"SJ_NO_THIN";"SJ_NO_THIN";"SJ_2S-NO-THIN";"Solder Jumper";"";
"JN25";"SJ_NO_THIN";"SJ_NO_THIN";"SJ_2S-NO-THIN";"Solder Jumper";"";
"JN26";"SJ_NO_THIN";"SJ_NO_THIN";"SJ_2S-NO-THIN";"Solder Jumper";"";
"JN27";"SJ_NO_THIN";"SJ_NO_THIN";"SJ_2S-NO-THIN";"Solder Jumper";"";
"JN28";"SJ_NO_THIN";"SJ_NO_THIN";"SJ_2S-NO-THIN";"Solder Jumper";"";
"JN29";"SJ_NO_THIN";"SJ_NO_THIN";"SJ_2S-NO-THIN";"Solder Jumper";"";
"JN30";"SJ_NO_THIN";"SJ_NO_THIN";"SJ_2S-NO-THIN";"Solder Jumper";"";
"JN31";"SJ_NO_THIN";"SJ_NO_THIN";"SJ_2S-NO-THIN";"Solder Jumper";"";
"JN32";"SJ_NO_THIN";"SJ_NO_THIN";"SJ_2S-NO-THIN";"Solder Jumper";"";
"JN33";"SJ_NO_THIN";"SJ_NO_THIN";"SJ_2S-NO-THIN";"Solder Jumper";"";
"JN34";"SJ_NO_THIN";"SJ_NO_THIN";"SJ_2S-NO-THIN";"Solder Jumper";"";
"JN35";"SJ_NO_THIN";"SJ_NO_THIN";"SJ_2S-NO-THIN";"Solder Jumper";"";
"JN36";"SJ_NO_THIN";"SJ_NO_THIN";"SJ_2S-NO-THIN";"Solder Jumper";"";
"JN37";"SJ_NO_THIN";"SJ_NO_THIN";"SJ_2S-NO-THIN";"Solder Jumper";"";
"JN38";"SJ_NO_THIN";"SJ_NO_THIN";"SJ_2S-NO-THIN";"Solder Jumper";"";
"JN39";"SJ_NO_THIN";"SJ_NO_THIN";"SJ_2S-NO-THIN";"Solder Jumper";"";
"JN40";"SJ_NO_THIN";"SJ_NO_THIN";"SJ_2S-NO-THIN";"Solder Jumper";"";
"JN41";"SJ_NO_THIN";"SJ_NO_THIN";"SJ_2S-NO-THIN";"Solder Jumper";"";
"JN42";"SJ_NO_THIN";"SJ_NO_THIN";"SJ_2S-NO-THIN";"Solder Jumper";"";
"JN43";"SJ_NO_THIN";"SJ_NO_THIN";"SJ_2S-NO-THIN";"Solder Jumper";"";
"JN44";"SJ_NO_THIN";"SJ_NO_THIN";"SJ_2S-NO-THIN";"Solder Jumper";"";
"JN45";"SJ_NO_THIN";"SJ_NO_THIN";"SJ_2S-NO-THIN";"Solder Jumper";"";
"JN46";"SJ_NO_THIN";"SJ_NO_THIN";"SJ_2S-NO-THIN";"Solder Jumper";"";
"JN47";"SJ_NO_THIN";"SJ_NO_THIN";"SJ_2S-NO-THIN";"Solder Jumper";"";
"JN48";"SJ_NO_THIN";"SJ_NO_THIN";"SJ_2S-NO-THIN";"Solder Jumper";"";
"JN49";"SJ_NO_THIN";"SJ_NO_THIN";"SJ_2S-NO-THIN";"Solder Jumper";"";
"JN50";"SJ_NO_THIN";"SJ_NO_THIN";"SJ_2S-NO-THIN";"Solder Jumper";"";
"JN51";"SJ_NO_THIN";"SJ_NO_THIN";"SJ_2S-NO-THIN";"Solder Jumper";"";
"JN52";"SJ_NO_THIN";"SJ_NO_THIN";"SJ_2S-NO-THIN";"Solder Jumper";"";
"JN53";"SJ_NO_THIN";"SJ_NO_THIN";"SJ_2S-NO-THIN";"Solder Jumper";"";
"JN54";"SJ_NO_THIN";"SJ_NO_THIN";"SJ_2S-NO-THIN";"Solder Jumper";"";
"JN55";"SJ_NO_THIN";"SJ_NO_THIN";"SJ_2S-NO-THIN";"Solder Jumper";"";
"JN56";"SJ_NO_THIN";"SJ_NO_THIN";"SJ_2S-NO-THIN";"Solder Jumper";"";
"JN57";"SJ_NO_THIN";"SJ_NO_THIN";"SJ_2S-NO-THIN";"Solder Jumper";"";
"JN58";"SJ_NO_THIN";"SJ_NO_THIN";"SJ_2S-NO-THIN";"Solder Jumper";"";
"JN59";"SJ_NO_THIN";"SJ_NO_THIN";"SJ_2S-NO-THIN";"Solder Jumper";"";
"JN60";"SJ_NO_THIN";"SJ_NO_THIN";"SJ_2S-NO-THIN";"Solder Jumper";"";
"JN61";"SJ_NO_THIN";"SJ_NO_THIN";"SJ_2S-NO-THIN";"Solder Jumper";"";
"JN62";"SJ_NO_THIN";"SJ_NO_THIN";"SJ_2S-NO-THIN";"Solder Jumper";"";
"JN63";"SJ_NO_THIN";"SJ_NO_THIN";"SJ_2S-NO-THIN";"Solder Jumper";"";
"JN64";"SJ_NO_THIN";"SJ_NO_THIN";"SJ_2S-NO-THIN";"Solder Jumper";"";
"JN65";"SJ_NO_THIN";"SJ_NO_THIN";"SJ_2S-NO-THIN";"Solder Jumper";"";
"JN66";"SJ_NO_THIN";"SJ_NO_THIN";"SJ_2S-NO-THIN";"Solder Jumper";"";
"JN67";"SJ_NO_THIN";"SJ_NO_THIN";"SJ_2S-NO-THIN";"Solder Jumper";"";
"JN68";"SJ_NO_THIN";"SJ_NO_THIN";"SJ_2S-NO-THIN";"Solder Jumper";"";
"JN69";"SJ_NO_THIN";"SJ_NO_THIN";"SJ_2S-NO-THIN";"Solder Jumper";"";
"JN70";"SJ_NO_THIN";"SJ_NO_THIN";"SJ_2S-NO-THIN";"Solder Jumper";"";
"JN71";"SJ_NO_THIN";"SJ_NO_THIN";"SJ_2S-NO-THIN";"Solder Jumper";"";
"JN72";"SJ_NO_THIN";"SJ_NO_THIN";"SJ_2S-NO-THIN";"Solder Jumper";"";
"JN73";"SJ_NO_THIN";"SJ_NO_THIN";"SJ_2S-NO-THIN";"Solder Jumper";"";
"JN74";"SJ_NO_THIN";"SJ_NO_THIN";"SJ_2S-NO-THIN";"Solder Jumper";"";
"JN75";"SJ_NO_THIN";"SJ_NO_THIN";"SJ_2S-NO-THIN";"Solder Jumper";"";
"JN76";"SJ_NO_THIN";"SJ_NO_THIN";"SJ_2S-NO-THIN";"Solder Jumper";"";
"JN77";"SJ_NO_THIN";"SJ_NO_THIN";"SJ_2S-NO-THIN";"Solder Jumper";"";
"JN78";"SJ_NO_THIN";"SJ_NO_THIN";"SJ_2S-NO-THIN";"Solder Jumper";"";
"JN79";"SJ_NO_THIN";"SJ_NO_THIN";"SJ_2S-NO-THIN";"Solder Jumper";"";
"JN80";"SJ_NO_THIN";"SJ_NO_THIN";"SJ_2S-NO-THIN";"Solder Jumper";"";
"JN81";"SJ_NO_THIN";"SJ_NO_THIN";"SJ_2S-NO-THIN";"Solder Jumper";"";
"JN82";"SJ_NO_THIN";"SJ_NO_THIN";"SJ_2S-NO-THIN";"Solder Jumper";"";
"JN83";"SJ_NO_THIN";"SJ_NO_THIN";"SJ_2S-NO-THIN";"Solder Jumper";"";
"JN84";"SJ_NO_THIN";"SJ_NO_THIN";"SJ_2S-NO-THIN";"Solder Jumper";"";
"JN85";"SJ_NO_THIN";"SJ_NO_THIN";"SJ_2S-NO-THIN";"Solder Jumper";"";
"JN86";"SJ_NO_THIN";"SJ_NO_THIN";"SJ_2S-NO-THIN";"Solder Jumper";"";
"JN87";"SJ_NO_THIN";"SJ_NO_THIN";"SJ_2S-NO-THIN";"Solder Jumper";"";
"JN88";"SJ_NO_THIN";"SJ_NO_THIN";"SJ_2S-NO-THIN";"Solder Jumper";"";
"JN89";"SJ_NO_THIN";"SJ_NO_THIN";"SJ_2S-NO-THIN";"Solder Jumper";"";
"JN90";"SJ_NO_THIN";"SJ_NO_THIN";"SJ_2S-NO-THIN";"Solder Jumper";"";
"JN91";"SJ_NO_THIN";"SJ_NO_THIN";"SJ_2S-NO-THIN";"Solder Jumper";"";
"JN92";"SJ_NO_THIN";"SJ_NO_THIN";"SJ_2S-NO-THIN";"Solder Jumper";"";
"JN93";"SJ_NO_THIN";"SJ_NO_THIN";"SJ_2S-NO-THIN";"Solder Jumper";"";
"JN94";"SJ_NO_THIN";"SJ_NO_THIN";"SJ_2S-NO-THIN";"Solder Jumper";"";
"JN95";"SJ_NO_THIN";"SJ_NO_THIN";"SJ_2S-NO-THIN";"Solder Jumper";"";
"JN96";"SJ_NO_THIN";"SJ_NO_THIN";"SJ_2S-NO-THIN";"Solder Jumper";"";
"JN97";"SJ_NO_THIN";"SJ_NO_THIN";"SJ_2S-NO-THIN";"Solder Jumper";"";
"JN98";"SJ_NO_THIN";"SJ_NO_THIN";"SJ_2S-NO-THIN";"Solder Jumper";"";
"JN99";"SJ_NO_THIN";"SJ_NO_THIN";"SJ_2S-NO-THIN";"Solder Jumper";"";
"JN100";"SJ_NO_THIN";"SJ_NO_THIN";"SJ_2S-NO-THIN";"Solder Jumper";"";
"JN101";"SJ_NO_THIN";"SJ_NO_THIN";"SJ_2S-NO-THIN";"Solder Jumper";"";
"JN102";"SJ_NO_THIN";"SJ_NO_THIN";"SJ_2S-NO-THIN";"Solder Jumper";"";
"JN103";"SJ_NO_THIN";"SJ_NO_THIN";"SJ_2S-NO-THIN";"Solder Jumper";"";
"JN104";"SJ_NO_THIN";"SJ_NO_THIN";"SJ_2S-NO-THIN";"Solder Jumper";"";
"JN105";"SJ_NO_THIN";"SJ_NO_THIN";"SJ_2S-NO-THIN";"Solder Jumper";"";
"JN106";"SJ_NO_THIN";"SJ_NO_THIN";"SJ_2S-NO-THIN";"Solder Jumper";"";
"JN107";"SJ_NO_THIN";"SJ_NO_THIN";"SJ_2S-NO-THIN";"Solder Jumper";"";
"JN108";"SJ_NO_THIN";"SJ_NO_THIN";"SJ_2S-NO-THIN";"Solder Jumper";"";
"JN109";"SJ_NO_THIN";"SJ_NO_THIN";"SJ_2S-NO-THIN";"Solder Jumper";"";
"JN110";"SJ_NO_THIN";"SJ_NO_THIN";"SJ_2S-NO-THIN";"Solder Jumper";"";
"JN111";"SJ_NO_THIN";"SJ_NO_THIN";"SJ_2S-NO-THIN";"Solder Jumper";"";
"JN112";"SJ_NO_THIN";"SJ_NO_THIN";"SJ_2S-NO-THIN";"Solder Jumper";"";
"JP2";"SJ_NO_THIN";"SJ_NO_THIN";"SJ_2S-NO-THIN";"Solder Jumper";"";
"JP3";"SJ_NO_THIN";"SJ_NO_THIN";"SJ_2S-NO-THIN";"Solder Jumper";"";
"JP4";"SJ_NO_THIN";"SJ_NO_THIN";"SJ_2S-NO-THIN";"Solder Jumper";"";
"JP5";"SJ_NO_THIN";"SJ_NO_THIN";"SJ_2S-NO-THIN";"Solder Jumper";"";
"JP21";"SJ_NO_THIN";"SJ_NO_THIN";"SJ_2S-NO-THIN";"Solder Jumper";"";
"JP22";"SJ_NO_THIN";"SJ_NO_THIN";"SJ_2S-NO-THIN";"Solder Jumper";"";
"JP23";"SJ_NO_THIN";"SJ_NO_THIN";"SJ_2S-NO-THIN";"Solder Jumper";"";
"JP24";"SJ_NO_THIN";"SJ_NO_THIN";"SJ_2S-NO-THIN";"Solder Jumper";"";
"JP25";"SJ_NO_THIN";"SJ_NO_THIN";"SJ_2S-NO-THIN";"Solder Jumper";"";
"JP26";"SJ_NO_THIN";"SJ_NO_THIN";"SJ_2S-NO-THIN";"Solder Jumper";"";
"JP27";"SJ_NO_THIN";"SJ_NO_THIN";"SJ_2S-NO-THIN";"Solder Jumper";"";
"JP28";"SJ_NO_THIN";"SJ_NO_THIN";"SJ_2S-NO-THIN";"Solder Jumper";"";
"JP29";"SJ_NO_THIN";"SJ_NO_THIN";"SJ_2S-NO-THIN";"Solder Jumper";"";
"JP30";"SJ_NO_THIN";"SJ_NO_THIN";"SJ_2S-NO-THIN";"Solder Jumper";"";
"JP31";"SJ_NO_THIN";"SJ_NO_THIN";"SJ_2S-NO-THIN";"Solder Jumper";"";
"JP32";"SJ_NO_THIN";"SJ_NO_THIN";"SJ_2S-NO-THIN";"Solder Jumper";"";
"JP33";"SJ_NO_THIN";"SJ_NO_THIN";"SJ_2S-NO-THIN";"Solder Jumper";"";
"JP34";"SJ_NO_THIN";"SJ_NO_THIN";"SJ_2S-NO-THIN";"Solder Jumper";"";
"JP35";"SJ_NO_THIN";"SJ_NO_THIN";"SJ_2S-NO-THIN";"Solder Jumper";"";
"JP36";"SJ_NO_THIN";"SJ_NO_THIN";"SJ_2S-NO-THIN";"Solder Jumper";"";
"JP37";"SJ_NO_THIN";"SJ_NO_THIN";"SJ_2S-NO-THIN";"Solder Jumper";"";
"JP38";"SJ_NO_THIN";"SJ_NO_THIN";"SJ_2S-NO-THIN";"Solder Jumper";"";
"JP39";"SJ_NO_THIN";"SJ_NO_THIN";"SJ_2S-NO-THIN";"Solder Jumper";"";
"JP40";"SJ_NO_THIN";"SJ_NO_THIN";"SJ_2S-NO-THIN";"Solder Jumper";"";
"JP41";"SJ_NO_THIN";"SJ_NO_THIN";"SJ_2S-NO-THIN";"Solder Jumper";"";
"JP42";"SJ_NO_THIN";"SJ_NO_THIN";"SJ_2S-NO-THIN";"Solder Jumper";"";
"JP43";"SJ_NO_THIN";"SJ_NO_THIN";"SJ_2S-NO-THIN";"Solder Jumper";"";
"JP44";"SJ_NO_THIN";"SJ_NO_THIN";"SJ_2S-NO-THIN";"Solder Jumper";"";
"JP45";"SJ_NO_THIN";"SJ_NO_THIN";"SJ_2S-NO-THIN";"Solder Jumper";"";
"JP46";"SJ_NO_THIN";"SJ_NO_THIN";"SJ_2S-NO-THIN";"Solder Jumper";"";
"JP47";"SJ_NO_THIN";"SJ_NO_THIN";"SJ_2S-NO-THIN";"Solder Jumper";"";
"JP48";"SJ_NO_THIN";"SJ_NO_THIN";"SJ_2S-NO-THIN";"Solder Jumper";"";
"JP49";"SJ_NO_THIN";"SJ_NO_THIN";"SJ_2S-NO-THIN";"Solder Jumper";"";
"JP50";"SJ_NO_THIN";"SJ_NO_THIN";"SJ_2S-NO-THIN";"Solder Jumper";"";
"JP51";"SJ_NO_THIN";"SJ_NO_THIN";"SJ_2S-NO-THIN";"Solder Jumper";"";
"JP52";"SJ_NO_THIN";"SJ_NO_THIN";"SJ_2S-NO-THIN";"Solder Jumper";"";
"JP53";"SJ_NO_THIN";"SJ_NO_THIN";"SJ_2S-NO-THIN";"Solder Jumper";"";
"JP54";"SJ_NO_THIN";"SJ_NO_THIN";"SJ_2S-NO-THIN";"Solder Jumper";"";
"JP55";"SJ_NO_THIN";"SJ_NO_THIN";"SJ_2S-NO-THIN";"Solder Jumper";"";
"JP56";"SJ_NO_THIN";"SJ_NO_THIN";"SJ_2S-NO-THIN";"Solder Jumper";"";
"JP57";"SJ_NO_THIN";"SJ_NO_THIN";"SJ_2S-NO-THIN";"Solder Jumper";"";
"JP58";"SJ_NO_THIN";"SJ_NO_THIN";"SJ_2S-NO-THIN";"Solder Jumper";"";
"JP59";"SJ_NO_THIN";"SJ_NO_THIN";"SJ_2S-NO-THIN";"Solder Jumper";"";
"JP60";"SJ_NO_THIN";"SJ_NO_THIN";"SJ_2S-NO-THIN";"Solder Jumper";"";
"JP61";"SJ_NO_THIN";"SJ_NO_THIN";"SJ_2S-NO-THIN";"Solder Jumper";"";
"JP62";"SJ_NO_THIN";"SJ_NO_THIN";"SJ_2S-NO-THIN";"Solder Jumper";"";
"JP63";"SJ_NO_THIN";"SJ_NO_THIN";"SJ_2S-NO-THIN";"Solder Jumper";"";
"JP64";"SJ_NO_THIN";"SJ_NO_THIN";"SJ_2S-NO-THIN";"Solder Jumper";"";
"JP65";"SJ_NO_THIN";"SJ_NO_THIN";"SJ_2S-NO-THIN";"Solder Jumper";"";
"JP66";"SJ_NO_THIN";"SJ_NO_THIN";"SJ_2S-NO-THIN";"Solder Jumper";"";
"JP67";"SJ_NO_THIN";"SJ_NO_THIN";"SJ_2S-NO-THIN";"Solder Jumper";"";
"JP68";"SJ_NO_THIN";"SJ_NO_THIN";"SJ_2S-NO-THIN";"Solder Jumper";"";
"JP69";"SJ_NO_THIN";"SJ_NO_THIN";"SJ_2S-NO-THIN";"Solder Jumper";"";
"JP70";"SJ_NO_THIN";"SJ_NO_THIN";"SJ_2S-NO-THIN";"Solder Jumper";"";
"JP71";"SJ_NO_THIN";"SJ_NO_THIN";"SJ_2S-NO-THIN";"Solder Jumper";"";
"JP72";"SJ_NO_THIN";"SJ_NO_THIN";"SJ_2S-NO-THIN";"Solder Jumper";"";
"JP73";"SJ_NO_THIN";"SJ_NO_THIN";"SJ_2S-NO-THIN";"Solder Jumper";"";
"JP74";"SJ_NO_THIN";"SJ_NO_THIN";"SJ_2S-NO-THIN";"Solder Jumper";"";
"JP75";"SJ_NO_THIN";"SJ_NO_THIN";"SJ_2S-NO-THIN";"Solder Jumper";"";
"JP76";"SJ_NO_THIN";"SJ_NO_THIN";"SJ_2S-NO-THIN";"Solder Jumper";"";
"JP77";"SJ_NO_THIN";"SJ_NO_THIN";"SJ_2S-NO-THIN";"Solder Jumper";"";
"JP78";"SJ_NO_THIN";"SJ_NO_THIN";"SJ_2S-NO-THIN";"Solder Jumper";"";
"JP79";"SJ_NO_THIN";"SJ_NO_THIN";"SJ_2S-NO-THIN";"Solder Jumper";"";
"JP80";"SJ_NO_THIN";"SJ_NO_THIN";"SJ_2S-NO-THIN";"Solder Jumper";"";
"JP81";"SJ_NO_THIN";"SJ_NO_THIN";"SJ_2S-NO-THIN";"Solder Jumper";"";
"JP82";"SJ_NO_THIN";"SJ_NO_THIN";"SJ_2S-NO-THIN";"Solder Jumper";"";
"JP83";"SJ_NO_THIN";"SJ_NO_THIN";"SJ_2S-NO-THIN";"Solder Jumper";"";
"JP84";"SJ_NO_THIN";"SJ_NO_THIN";"SJ_2S-NO-THIN";"Solder Jumper";"";
"JP85";"SJ_NO_THIN";"SJ_NO_THIN";"SJ_2S-NO-THIN";"Solder Jumper";"";
"JP86";"SJ_NO_THIN";"SJ_NO_THIN";"SJ_2S-NO-THIN";"Solder Jumper";"";
"JP87";"SJ_NO_THIN";"SJ_NO_THIN";"SJ_2S-NO-THIN";"Solder Jumper";"";
"JP88";"SJ_NO_THIN";"SJ_NO_THIN";"SJ_2S-NO-THIN";"Solder Jumper";"";
"JP89";"SJ_NO_THIN";"SJ_NO_THIN";"SJ_2S-NO-THIN";"Solder Jumper";"";
"JP90";"SJ_NO_THIN";"SJ_NO_THIN";"SJ_2S-NO-THIN";"Solder Jumper";"";
"JP91";"SJ_NO_THIN";"SJ_NO_THIN";"SJ_2S-NO-THIN";"Solder Jumper";"";
"JP92";"SJ_NO_THIN";"SJ_NO_THIN";"SJ_2S-NO-THIN";"Solder Jumper";"";
"JP93";"SJ_NO_THIN";"SJ_NO_THIN";"SJ_2S-NO-THIN";"Solder Jumper";"";
"JP94";"SJ_NO_THIN";"SJ_NO_THIN";"SJ_2S-NO-THIN";"Solder Jumper";"";
"JP95";"SJ_NO_THIN";"SJ_NO_THIN";"SJ_2S-NO-THIN";"Solder Jumper";"";
"JP96";"SJ_NO_THIN";"SJ_NO_THIN";"SJ_2S-NO-THIN";"Solder Jumper";"";
"JP97";"SJ_NO_THIN";"SJ_NO_THIN";"SJ_2S-NO-THIN";"Solder Jumper";"";
"JP98";"SJ_NO_THIN";"SJ_NO_THIN";"SJ_2S-NO-THIN";"Solder Jumper";"";
"JP99";"SJ_NO_THIN";"SJ_NO_THIN";"SJ_2S-NO-THIN";"Solder Jumper";"";
"JP100";"SJ_NO_THIN";"SJ_NO_THIN";"SJ_2S-NO-THIN";"Solder Jumper";"";
"JP101";"SJ_NO_THIN";"SJ_NO_THIN";"SJ_2S-NO-THIN";"Solder Jumper";"";
"JP102";"SJ_NO_THIN";"SJ_NO_THIN";"SJ_2S-NO-THIN";"Solder Jumper";"";
"JP103";"SJ_NO_THIN";"SJ_NO_THIN";"SJ_2S-NO-THIN";"Solder Jumper";"";
"JP104";"SJ_NO_THIN";"SJ_NO_THIN";"SJ_2S-NO-THIN";"Solder Jumper";"";
"JP105";"SJ_NO_THIN";"SJ_NO_THIN";"SJ_2S-NO-THIN";"Solder Jumper";"";
"JP106";"SJ_NO_THIN";"SJ_NO_THIN";"SJ_2S-NO-THIN";"Solder Jumper";"";
"JP107";"SJ_NO_THIN";"SJ_NO_THIN";"SJ_2S-NO-THIN";"Solder Jumper";"";
"JP108";"SJ_NO_THIN";"SJ_NO_THIN";"SJ_2S-NO-THIN";"Solder Jumper";"";
"JP109";"SJ_NO_THIN";"SJ_NO_THIN";"SJ_2S-NO-THIN";"Solder Jumper";"";
"JP110";"SJ_NO_THIN";"SJ_NO_THIN";"SJ_2S-NO-THIN";"Solder Jumper";"";
"JP111";"SJ_NO_THIN";"SJ_NO_THIN";"SJ_2S-NO-THIN";"Solder Jumper";"";
"JP112";"SJ_NO_THIN";"SJ_NO_THIN";"SJ_2S-NO-THIN";"Solder Jumper";"";
"JS2";"SJ_NO_THIN";"SJ_NO_THIN";"SJ_2S-NO-THIN";"Solder Jumper";"";
"JS3";"SJ_NO_THIN";"SJ_NO_THIN";"SJ_2S-NO-THIN";"Solder Jumper";"";
"JS4";"SJ_NO_THIN";"SJ_NO_THIN";"SJ_2S-NO-THIN";"Solder Jumper";"";
"JS5";"SJ_NO_THIN";"SJ_NO_THIN";"SJ_2S-NO-THIN";"Solder Jumper";"";
"JS21";"SJ_NO_THIN";"SJ_NO_THIN";"SJ_2S-NO-THIN";"Solder Jumper";"";
"JS22";"SJ_NO_THIN";"SJ_NO_THIN";"SJ_2S-NO-THIN";"Solder Jumper";"";
"JS23";"SJ_NO_THIN";"SJ_NO_THIN";"SJ_2S-NO-THIN";"Solder Jumper";"";
"JS24";"SJ_NO_THIN";"SJ_NO_THIN";"SJ_2S-NO-THIN";"Solder Jumper";"";
"JS25";"SJ_NO_THIN";"SJ_NO_THIN";"SJ_2S-NO-THIN";"Solder Jumper";"";
"JS26";"SJ_NO_THIN";"SJ_NO_THIN";"SJ_2S-NO-THIN";"Solder Jumper";"";
"JS27";"SJ_NO_THIN";"SJ_NO_THIN";"SJ_2S-NO-THIN";"Solder Jumper";"";
"JS28";"SJ_NO_THIN";"SJ_NO_THIN";"SJ_2S-NO-THIN";"Solder Jumper";"";
"JS29";"SJ_NO_THIN";"SJ_NO_THIN";"SJ_2S-NO-THIN";"Solder Jumper";"";
"JS30";"SJ_NO_THIN";"SJ_NO_THIN";"SJ_2S-NO-THIN";"Solder Jumper";"";
"JS31";"SJ_NO_THIN";"SJ_NO_THIN";"SJ_2S-NO-THIN";"Solder Jumper";"";
"JS32";"SJ_NO_THIN";"SJ_NO_THIN";"SJ_2S-NO-THIN";"Solder Jumper";"";
"JS33";"SJ_NO_THIN";"SJ_NO_THIN";"SJ_2S-NO-THIN";"Solder Jumper";"";
"JS34";"SJ_NO_THIN";"SJ_NO_THIN";"SJ_2S-NO-THIN";"Solder Jumper";"";
"JS35";"SJ_NO_THIN";"SJ_NO_THIN";"SJ_2S-NO-THIN";"Solder Jumper";"";
"JS36";"SJ_NO_THIN";"SJ_NO_THIN";"SJ_2S-NO-THIN";"Solder Jumper";"";
"JS37";"SJ_NO_THIN";"SJ_NO_THIN";"SJ_2S-NO-THIN";"Solder Jumper";"";
"JS38";"SJ_NO_THIN";"SJ_NO_THIN";"SJ_2S-NO-THIN";"Solder Jumper";"";
"JS39";"SJ_NO_THIN";"SJ_NO_THIN";"SJ_2S-NO-THIN";"Solder Jumper";"";
"JS40";"SJ_NO_THIN";"SJ_NO_THIN";"SJ_2S-NO-THIN";"Solder Jumper";"";
"JS41";"SJ_NO_THIN";"SJ_NO_THIN";"SJ_2S-NO-THIN";"Solder Jumper";"";
"JS42";"SJ_NO_THIN";"SJ_NO_THIN";"SJ_2S-NO-THIN";"Solder Jumper";"";
"JS43";"SJ_NO_THIN";"SJ_NO_THIN";"SJ_2S-NO-THIN";"Solder Jumper";"";
"JS44";"SJ_NO_THIN";"SJ_NO_THIN";"SJ_2S-NO-THIN";"Solder Jumper";"";
"JS45";"SJ_NO_THIN";"SJ_NO_THIN";"SJ_2S-NO-THIN";"Solder Jumper";"";
"JS46";"SJ_NO_THIN";"SJ_NO_THIN";"SJ_2S-NO-THIN";"Solder Jumper";"";
"JS47";"SJ_NO_THIN";"SJ_NO_THIN";"SJ_2S-NO-THIN";"Solder Jumper";"";
"JS48";"SJ_NO_THIN";"SJ_NO_THIN";"SJ_2S-NO-THIN";"Solder Jumper";"";
"JS49";"SJ_NO_THIN";"SJ_NO_THIN";"SJ_2S-NO-THIN";"Solder Jumper";"";
"JS50";"SJ_NO_THIN";"SJ_NO_THIN";"SJ_2S-NO-THIN";"Solder Jumper";"";
"JS51";"SJ_NO_THIN";"SJ_NO_THIN";"SJ_2S-NO-THIN";"Solder Jumper";"";
"JS52";"SJ_NO_THIN";"SJ_NO_THIN";"SJ_2S-NO-THIN";"Solder Jumper";"";
"JS53";"SJ_NO_THIN";"SJ_NO_THIN";"SJ_2S-NO-THIN";"Solder Jumper";"";
"JS54";"SJ_NO_THIN";"SJ_NO_THIN";"SJ_2S-NO-THIN";"Solder Jumper";"";
"JS55";"SJ_NO_THIN";"SJ_NO_THIN";"SJ_2S-NO-THIN";"Solder Jumper";"";
"JS56";"SJ_NO_THIN";"SJ_NO_THIN";"SJ_2S-NO-THIN";"Solder Jumper";"";
"JS57";"SJ_NO_THIN";"SJ_NO_THIN";"SJ_2S-NO-THIN";"Solder Jumper";"";
"JS58";"SJ_NO_THIN";"SJ_NO_THIN";"SJ_2S-NO-THIN";"Solder Jumper";"";
"JS59";"SJ_NO_THIN";"SJ_NO_THIN";"SJ_2S-NO-THIN";"Solder Jumper";"";
"JS60";"SJ_NO_THIN";"SJ_NO_THIN";"SJ_2S-NO-THIN";"Solder Jumper";"";
"JS61";"SJ_NO_THIN";"SJ_NO_THIN";"SJ_2S-NO-THIN";"Solder Jumper";"";
"JS62";"SJ_NO_THIN";"SJ_NO_THIN";"SJ_2S-NO-THIN";"Solder Jumper";"";
"JS63";"SJ_NO_THIN";"SJ_NO_THIN";"SJ_2S-NO-THIN";"Solder Jumper";"";
"JS64";"SJ_NO_THIN";"SJ_NO_THIN";"SJ_2S-NO-THIN";"Solder Jumper";"";
"JS65";"SJ_NO_THIN";"SJ_NO_THIN";"SJ_2S-NO-THIN";"Solder Jumper";"";
"JS66";"SJ_NO_THIN";"SJ_NO_THIN";"SJ_2S-NO-THIN";"Solder Jumper";"";
"JS67";"SJ_NO_THIN";"SJ_NO_THIN";"SJ_2S-NO-THIN";"Solder Jumper";"";
"JS68";"SJ_NO_THIN";"SJ_NO_THIN";"SJ_2S-NO-THIN";"Solder Jumper";"";
"JS69";"SJ_NO_THIN";"SJ_NO_THIN";"SJ_2S-NO-THIN";"Solder Jumper";"";
"JS70";"SJ_NO_THIN";"SJ_NO_THIN";"SJ_2S-NO-THIN";"Solder Jumper";"";
"JS71";"SJ_NO_THIN";"SJ_NO_THIN";"SJ_2S-NO-THIN";"Solder Jumper";"";
"JS72";"SJ_NO_THIN";"SJ_NO_THIN";"SJ_2S-NO-THIN";"Solder Jumper";"";
"JS73";"SJ_NO_THIN";"SJ_NO_THIN";"SJ_2S-NO-THIN";"Solder Jumper";"";
"JS74";"SJ_NO_THIN";"SJ_NO_THIN";"SJ_2S-NO-THIN";"Solder Jumper";"";
"JS75";"SJ_NO_THIN";"SJ_NO_THIN";"SJ_2S-NO-THIN";"Solder Jumper";"";
"JS76";"SJ_NO_THIN";"SJ_NO_THIN";"SJ_2S-NO-THIN";"Solder Jumper";"";
"JS77";"SJ_NO_THIN";"SJ_NO_THIN";"SJ_2S-NO-THIN";"Solder Jumper";"";
"JS78";"SJ_NO_THIN";"SJ_NO_THIN";"SJ_2S-NO-THIN";"Solder Jumper";"";
"JS79";"SJ_NO_THIN";"SJ_NO_THIN";"SJ_2S-NO-THIN";"Solder Jumper";"";
"JS80";"SJ_NO_THIN";"SJ_NO_THIN";"SJ_2S-NO-THIN";"Solder Jumper";"";
"JS81";"SJ_NO_THIN";"SJ_NO_THIN";"SJ_2S-NO-THIN";"Solder Jumper";"";
"JS82";"SJ_NO_THIN";"SJ_NO_THIN";"SJ_2S-NO-THIN";"Solder Jumper";"";
"JS83";"SJ_NO_THIN";"SJ_NO_THIN";"SJ_2S-NO-THIN";"Solder Jumper";"";
"JS84";"SJ_NO_THIN";"SJ_NO_THIN";"SJ_2S-NO-THIN";"Solder Jumper";"";
"JS85";"SJ_NO_THIN";"SJ_NO_THIN";"SJ_2S-NO-THIN";"Solder Jumper";"";
"JS86";"SJ_NO_THIN";"SJ_NO_THIN";"SJ_2S-NO-THIN";"Solder Jumper";"";
"JS87";"SJ_NO_THIN";"SJ_NO_THIN";"SJ_2S-NO-THIN";"Solder Jumper";"";
"JS88";"SJ_NO_THIN";"SJ_NO_THIN";"SJ_2S-NO-THIN";"Solder Jumper";"";
"JS89";"SJ_NO_THIN";"SJ_NO_THIN";"SJ_2S-NO-THIN";"Solder Jumper";"";
"JS90";"SJ_NO_THIN";"SJ_NO_THIN";"SJ_2S-NO-THIN";"Solder Jumper";"";
"JS91";"SJ_NO_THIN";"SJ_NO_THIN";"SJ_2S-NO-THIN";"Solder Jumper";"";
"JS92";"SJ_NO_THIN";"SJ_NO_THIN";"SJ_2S-NO-THIN";"Solder Jumper";"";
"JS93";"SJ_NO_THIN";"SJ_NO_THIN";"SJ_2S-NO-THIN";"Solder Jumper";"";
"JS94";"SJ_NO_THIN";"SJ_NO_THIN";"SJ_2S-NO-THIN";"Solder Jumper";"";
"JS95";"SJ_NO_THIN";"SJ_NO_THIN";"SJ_2S-NO-THIN";"Solder Jumper";"";
"JS96";"SJ_NO_THIN";"SJ_NO_THIN";"SJ_2S-NO-THIN";"Solder Jumper";"";
"JS97";"SJ_NO_THIN";"SJ_NO_THIN";"SJ_2S-NO-THIN";"Solder Jumper";"";
"JS98";"SJ_NO_THIN";"SJ_NO_THIN";"SJ_2S-NO-THIN";"Solder Jumper";"";
"JS99";"SJ_NO_THIN";"SJ_NO_THIN";"SJ_2S-NO-THIN";"Solder Jumper";"";
"JS100";"SJ_NO_THIN";"SJ_NO_THIN";"SJ_2S-NO-THIN";"Solder Jumper";"";
"JS101";"SJ_NO_THIN";"SJ_NO_THIN";"SJ_2S-NO-THIN";"Solder Jumper";"";
"JS102";"SJ_NO_THIN";"SJ_NO_THIN";"SJ_2S-NO-THIN";"Solder Jumper";"";
"JS103";"SJ_NO_THIN";"SJ_NO_THIN";"SJ_2S-NO-THIN";"Solder Jumper";"";
"JS104";"SJ_NO_THIN";"SJ_NO_THIN";"SJ_2S-NO-THIN";"Solder Jumper";"";
"JS105";"SJ_NO_THIN";"SJ_NO_THIN";"SJ_2S-NO-THIN";"Solder Jumper";"";
"JS106";"SJ_NO_THIN";"SJ_NO_THIN";"SJ_2S-NO-THIN";"Solder Jumper";"";
"JS107";"SJ_NO_THIN";"SJ_NO_THIN";"SJ_2S-NO-THIN";"Solder Jumper";"";
"JS108";"SJ_NO_THIN";"SJ_NO_THIN";"SJ_2S-NO-THIN";"Solder Jumper";"";
"JS109";"SJ_NO_THIN";"SJ_NO_THIN";"SJ_2S-NO-THIN";"Solder Jumper";"";
"JS110";"SJ_NO_THIN";"SJ_NO_THIN";"SJ_2S-NO-THIN";"Solder Jumper";"";
"JS111";"SJ_NO_THIN";"SJ_NO_THIN";"SJ_2S-NO-THIN";"Solder Jumper";"";
"JS112";"SJ_NO_THIN";"SJ_NO_THIN";"SJ_2S-NO-THIN";"Solder Jumper";"";
"LED2";"TPTHT";"TPTHT";"PROTOPAD-THT-PAD";"";"";
"LED3";"TPTHT";"TPTHT";"PROTOPAD-THT-PAD";"";"";
"LED4";"TPTHT";"TPTHT";"PROTOPAD-THT-PAD";"";"";
"LED5";"TPTHT";"TPTHT";"PROTOPAD-THT-PAD";"";"";
"LED6";"TPTHT";"TPTHT";"PROTOPAD-THT-PAD";"";"";
"LED7";"TPTHT";"TPTHT";"PROTOPAD-THT-PAD";"";"";
"LED8";"TPTHT";"TPTHT";"PROTOPAD-THT-PAD";"";"";
"LED9";"TPTHT";"TPTHT";"PROTOPAD-THT-PAD";"";"";
"LED10";"TPTHT";"TPTHT";"PROTOPAD-THT-PAD";"";"";
"LED11";"TPTHT";"TPTHT";"PROTOPAD-THT-PAD";"";"";
"LED12";"TPTHT";"TPTHT";"PROTOPAD-THT-PAD";"";"";
"LED13";"TPTHT";"TPTHT";"PROTOPAD-THT-PAD";"";"";
"LED14";"TPTHT";"TPTHT";"PROTOPAD-THT-PAD";"";"";
"LED15";"TPTHT";"TPTHT";"PROTOPAD-THT-PAD";"";"";
"LED16";"TPTHT";"TPTHT";"PROTOPAD-THT-PAD";"";"";
"LED17";"TPTHT";"TPTHT";"PROTOPAD-THT-PAD";"";"";
"LED18";"TPTHT";"TPTHT";"PROTOPAD-THT-PAD";"";"";
"LED19";"TPTHT";"TPTHT";"PROTOPAD-THT-PAD";"";"";
"LED20";"TPTHT";"TPTHT";"PROTOPAD-THT-PAD";"";"";
"LED21";"TPTHT";"TPTHT";"PROTOPAD-THT-PAD";"";"";
"LED22";"TPTHT";"TPTHT";"PROTOPAD-THT-PAD";"";"";
"LED23";"TPTHT";"TPTHT";"PROTOPAD-THT-PAD";"";"";
"LED24";"TPTHT";"TPTHT";"PROTOPAD-THT-PAD";"";"";
"Q2";"2N7002";"2N7002";"SOT23";"";"";
"Q3";"2N7002";"2N7002";"SOT23";"";"";
"Q4";"2N7002";"2N7002";"SOT23";"";"";
"Q5";"2N7002";"2N7002";"SOT23";"";"";
"Q6";"2N7002";"2N7002";"SOT23";"";"";
"Q7";"2N7002";"2N7002";"SOT23";"";"";
"Q8";"2N7002";"2N7002";"SOT23";"";"";
"Q9";"2N7002";"2N7002";"SOT23";"";"";
"Q10";"2N7002";"2N7002";"SOT23";"";"";
"Q11";"2N7002";"2N7002";"SOT23";"";"";
"Q12";"2N7002";"2N7002";"SOT23";"";"";
"Q13";"2N7002";"2N7002";"SOT23";"";"";
"Q14";"2N7002";"2N7002";"SOT23";"";"";
"Q15";"2N7002";"2N7002";"SOT23";"";"";
"Q16";"2N7002";"2N7002";"SOT23";"";"";
"Q17";"2N7002";"2N7002";"SOT23";"";"";
"Q18";"2N7002";"2N7002";"SOT23";"";"";
"Q19";"2N7002";"2N7002";"SOT23";"";"";
"Q20";"2N7002";"2N7002";"SOT23";"";"";
"Q21";"2N7002";"2N7002";"SOT23";"";"";
"Q22";"2N7002";"2N7002";"SOT23";"";"";
"Q23";"2N7002";"2N7002";"SOT23";"";"";
"Q24";"2N7002";"2N7002";"SOT23";"";"";
"Q25";"2N7002";"2N7002";"SOT23";"";"";
"Q26";"2N7002";"2N7002";"SOT23";"";"";
"Q27";"2N7002";"2N7002";"SOT23";"";"";
"Q28";"2N7002";"2N7002";"SOT23";"";"";
"Q29";"2N7002";"2N7002";"SOT23";"";"";
"Q30";"2N7002";"2N7002";"SOT23";"";"";
"Q31";"2N7002";"2N7002";"SOT23";"";"";
"Q32";"2N7002";"2N7002";"SOT23";"";"";
"Q33";"2N7002";"2N7002";"SOT23";"";"";
"Q34";"2N7002";"2N7002";"SOT23";"";"";
"Q35";"2N7002";"2N7002";"SOT23";"";"";
"Q36";"2N7002";"2N7002";"SOT23";"";"";
"Q37";"2N7002";"2N7002";"SOT23";"";"";
"Q38";"2N7002";"2N7002";"SOT23";"";"";
"Q39";"2N7002";"2N7002";"SOT23";"";"";
"Q40";"2N7002";"2N7002";"SOT23";"";"";
"Q41";"2N7002";"2N7002";"SOT23";"";"";
"Q42";"2N7002";"2N7002";"SOT23";"";"";
"Q43";"2N7002";"2N7002";"SOT23";"";"";
"Q44";"2N7002";"2N7002";"SOT23";"";"";
"Q45";"2N7002";"2N7002";"SOT23";"";"";
"Q46";"2N7002";"2N7002";"SOT23";"";"";
"Q47";"2N7002";"2N7002";"SOT23";"";"";
"Q48";"2N7002";"2N7002";"SOT23";"";"";
"Q49";"2N7002";"2N7002";"SOT23";"";"";
"Q50";"2N7002";"2N7002";"SOT23";"";"";
"Q51";"2N7002";"2N7002";"SOT23";"";"";
"Q52";"2N7002";"2N7002";"SOT23";"";"";
"Q53";"2N7002";"2N7002";"SOT23";"";"";
"Q54";"2N7002";"2N7002";"SOT23";"";"";
"Q55";"2N7002";"2N7002";"SOT23";"";"";
"Q56";"2N7002";"2N7002";"SOT23";"";"";
"Q57";"2N7002";"2N7002";"SOT23";"";"";
"Q58";"2N7002";"2N7002";"SOT23";"";"";
"Q59";"2N7002";"2N7002";"SOT23";"";"";
"Q60";"2N7002";"2N7002";"SOT23";"";"";
"Q61";"2N7002";"2N7002";"SOT23";"";"";
"Q62";"2N7002";"2N7002";"SOT23";"";"";
"Q63";"2N7002";"2N7002";"SOT23";"";"";
"Q64";"2N7002";"2N7002";"SOT23";"";"";
"Q65";"2N7002";"2N7002";"SOT23";"";"";
"Q66";"2N7002";"2N7002";"SOT23";"";"";
"Q67";"2N7002";"2N7002";"SOT23";"";"";
"Q68";"2N7002";"2N7002";"SOT23";"";"";
"Q69";"2N7002";"2N7002";"SOT23";"";"";
"Q70";"2N7002";"2N7002";"SOT23";"";"";
"Q71";"2N7002";"2N7002";"SOT23";"";"";
"Q72";"2N7002";"2N7002";"SOT23";"";"";
"Q73";"2N7002";"2N7002";"SOT23";"";"";
"Q74";"2N7002";"2N7002";"SOT23";"";"";
"Q75";"2N7002";"2N7002";"SOT23";"";"";
"Q76";"2N7002";"2N7002";"SOT23";"";"";
"Q77";"2N7002";"2N7002";"SOT23";"";"";
"Q78";"2N7002";"2N7002";"SOT23";"";"";
"Q79";"2N7002";"2N7002";"SOT23";"";"";
"Q80";"2N7002";"2N7002";"SOT23";"";"";
"Q81";"2N7002";"2N7002";"SOT23";"";"";
"Q82";"2N7002";"2N7002";"SOT23";"";"";
"Q83";"2N7002";"2N7002";"SOT23";"";"";
"Q84";"2N7002";"2N7002";"SOT23";"";"";
"Q85";"2N7002";"2N7002";"SOT23";"";"";
"Q86";"2N7002";"2N7002";"SOT23";"";"";
"Q87";"2N7002";"2N7002";"SOT23";"";"";
"Q88";"2N7002";"2N7002";"SOT23";"";"";
"Q89";"2N7002";"2N7002";"SOT23";"";"";
"Q90";"2N7002";"2N7002";"SOT23";"";"";
"Q91";"2N7002";"2N7002";"SOT23";"";"";
"Q92";"2N7002";"2N7002";"SOT23";"";"";
"Q93";"2N7002";"2N7002";"SOT23";"";"";
"Q94";"2N7002";"2N7002";"SOT23";"";"";
"Q95";"2N7002";"2N7002";"SOT23";"";"";
"Q96";"2N7002";"2N7002";"SOT23";"";"";
"Q97";"2N7002";"2N7002";"SOT23";"";"";
"Q98";"2N7002";"2N7002";"SOT23";"";"";
"Q99";"2N7002";"2N7002";"SOT23";"";"";
"Q100";"2N7002";"2N7002";"SOT23";"";"";
"Q101";"2N7002";"2N7002";"SOT23";"";"";
"Q102";"2N7002";"2N7002";"SOT23";"";"";
"Q103";"2N7002";"2N7002";"SOT23";"";"";
"Q104";"2N7002";"2N7002";"SOT23";"";"";
"Q105";"2N7002";"2N7002";"SOT23";"";"";
"Q106";"2N7002";"2N7002";"SOT23";"";"";
"Q107";"2N7002";"2N7002";"SOT23";"";"";
"Q108";"2N7002";"2N7002";"SOT23";"";"";
"Q109";"2N7002";"2N7002";"SOT23";"";"";
"Q110";"2N7002";"2N7002";"SOT23";"";"";
"Q111";"2N7002";"2N7002";"SOT23";"";"";
"Q112";"2N7002";"2N7002";"SOT23";"";"";
"Q113";"2N7002";"2N7002";"SOT23";"";"";
"Q114";"2N7002";"2N7002";"SOT23";"";"";
"Q115";"2N7002";"2N7002";"SOT23";"";"";
"Q116";"2N7002";"2N7002";"SOT23";"";"";
"Q117";"2N7002";"2N7002";"SOT23";"";"";
"Q118";"2N7002";"2N7002";"SOT23";"";"";
"Q119";"2N7002";"2N7002";"SOT23";"";"";
"Q120";"2N7002";"2N7002";"SOT23";"";"";
"R2";"330";"RES0603";"R0603";"";"";
"R3";"330";"RES0603";"R0603";"";"";
"R4";"330";"RES0603";"R0603";"";"";
"R5";"330";"RES0603";"R0603";"";"";
"R6";"330";"RES0603";"R0603";"";"";
"R7";"330";"RES0603";"R0603";"";"";
"R8";"330";"RES0603";"R0603";"";"";
"R9";"330";"RES0603";"R0603";"";"";
"R10";"330";"RES0603";"R0603";"";"";
"R11";"330";"RES0603";"R0603";"";"";
"R12";"330";"RES0603";"R0603";"";"";
"R13";"330";"RES0603";"R0603";"";"";
"R14";"330";"RES0603";"R0603";"";"";
"R15";"330";"RES0603";"R0603";"";"";
"R16";"330";"RES0603";"R0603";"";"";
"R17";"330";"RES0603";"R0603";"";"";
"R18";"330";"RES0603";"R0603";"";"";
"R19";"330";"RES0603";"R0603";"";"";
"R20";"330";"RES0603";"R0603";"";"";
"R21";"330";"RES0603";"R0603";"";"";
"R22";"330";"RES0603";"R0603";"";"";
"R23";"330";"RES0603";"R0603";"";"";
"R24";"330";"RES0603";"R0603";"";"";
"R25";"10k";"RES0603";"R0603";"";"";
"R26";"10k";"RES0603";"R0603";"";"";
"R27";"10k";"RES0603";"R0603";"";"";
"R28";"10k";"RES0603";"R0603";"";"";
"R29";"10k";"RES0603";"R0603";"";"";
"R30";"10k";"RES0603";"R0603";"";"";
"R31";"10k";"RES0603";"R0603";"";"";
"R32";"10k";"RES0603";"R0603";"";"";
"R33";"10k";"RES0603";"R0603";"";"";
"R34";"10k";"RES0603";"R0603";"";"";
"R35";"10k";"RES0603";"R0603";"";"";
"R36";"10k";"RES0603";"R0603";"";"";
"R37";"10k";"RES0603";"R0603";"";"";
"R38";"10k";"RES0603";"R0603";"";"";
"R39";"10k";"RES0603";"R0603";"";"";
"R40";"10k";"RES0603";"R0603";"";"";
"R41";"10k";"RES0603";"R0603";"";"";
"R42";"10k";"RES0603";"R0603";"";"";
"R43";"10k";"RES0603";"R0603";"";"";
"R44";"10k";"RES0603";"R0603";"";"";
"R45";"10k";"RES0603";"R0603";"";"";
"R46";"10k";"RES0603";"R0603";"";"";
"R47";"10k";"RES0603";"R0603";"";"";
"R48";"10k";"RES0603";"R0603";"";"";
"R49";"10k";"RES0603";"R0603";"";"";
"R50";"10k";"RES0603";"R0603";"";"";
"R51";"10k";"RES0603";"R0603";"";"";
"R52";"10k";"RES0603";"R0603";"";"";
"R53";"10k";"RES0603";"R0603";"";"";
"R54";"10k";"RES0603";"R0603";"";"";
"R55";"10k";"RES0603";"R0603";"";"";
"R56";"10k";"RES0603";"R0603";"";"";
"R57";"10k";"RES0603";"R0603";"";"";
"R58";"10k";"RES0603";"R0603";"";"";
"R59";"10k";"RES0603";"R0603";"";"";
"R60";"10k";"RES0603";"R0603";"";"";
"R61";"10k";"RES0603";"R0603";"";"";
"R62";"10k";"RES0603";"R0603";"";"";
"R63";"10k";"RES0603";"R0603";"";"";
"R64";"10k";"RES0603";"R0603";"";"";
"R65";"10k";"RES0603";"R0603";"";"";
"R66";"10k";"RES0603";"R0603";"";"";
"R67";"10k";"RES0603";"R0603";"";"";
"R68";"10k";"RES0603";"R0603";"";"";
"R69";"10k";"RES0603";"R0603";"";"";
"R70";"10k";"RES0603";"R0603";"";"";
"R71";"10k";"RES0603";"R0603";"";"";
"R72";"10k";"RES0603";"R0603";"";"";
"R73";"10k";"RES0603";"R0603";"";"";
"R74";"10k";"RES0603";"R0603";"";"";
"R79";"10k";"RES0603";"R0603";"";"";
"R80";"10k";"RES0603";"R0603";"";"";
"R83";"10k";"RES0603";"R0603";"";"";
"R84";"10k";"RES0603";"R0603";"";"";
"R87";"10k";"RES0603";"R0603";"";"";
"R88";"10k";"RES0603";"R0603";"";"";
"R91";"10k";"RES0603";"R0603";"";"";
"R92";"10k";"RES0603";"R0603";"";"";
"R95";"10k";"RES0603";"R0603";"";"";
"R96";"10k";"RES0603";"R0603";"";"";
"R97";"10k";"RES0603";"R0603";"";"";
"R98";"10k";"RES0603";"R0603";"";"";
"R99";"10k";"RES0603";"R0603";"";"";
"R100";"10k";"RES0603";"R0603";"";"";
"R101";"10k";"RES0603";"R0603";"";"";
"R102";"10k";"RES0603";"R0603";"";"";
"R103";"10k";"RES0603";"R0603";"";"";
"R104";"10k";"RES0603";"R0603";"";"";
"R105";"10k";"RES0603";"R0603";"";"";
"R106";"10k";"RES0603";"R0603";"";"";
"R107";"10k";"RES0603";"R0603";"";"";
"R108";"10k";"RES0603";"R0603";"";"";
"R109";"10k";"RES0603";"R0603";"";"";
"R110";"10k";"RES0603";"R0603";"";"";
"R111";"10k";"RES0603";"R0603";"";"";
"R112";"10k";"RES0603";"R0603";"";"";
"R113";"10k";"RES0603";"R0603";"";"";
"R114";"10k";"RES0603";"R0603";"";"";
"R115";"10k";"RES0603";"R0603";"";"";
"R116";"10k";"RES0603";"R0603";"";"";
"R117";"10k";"RES0603";"R0603";"";"";
"R118";"10k";"RES0603";"R0603";"";"";
"R119";"10k";"RES0603";"R0603";"";"";
"R120";"10k";"RES0603";"R0603";"";"";
"R121";"10k";"RES0603";"R0603";"";"";
"R122";"10k";"RES0603";"R0603";"";"";
"R123";"10k";"RES0603";"R0603";"";"";
"R124";"10k";"RES0603";"R0603";"";"";
"R125";"10k";"RES0603";"R0603";"";"";
"R126";"10k";"RES0603";"R0603";"";"";
"R127";"10k";"RES0603";"R0603";"";"";
"R128";"10k";"RES0603";"R0603";"";"";
"R129";"10k";"RES0603";"R0603";"";"";
"R130";"10k";"RES0603";"R0603";"";"";
"R131";"10k";"RES0603";"R0603";"";"";
"R132";"10k";"RES0603";"R0603";"";"";
"SJ1";"SJ_NO_THIN";"SJ_NO_THIN";"SJ_2S-NO-THIN";"Solder Jumper";"";
"SJ2";"SJ_NO_THIN";"SJ_NO_THIN";"SJ_2S-NO-THIN";"Solder Jumper";"";
"SOURCEA2";"TPTHT";"TPTHT";"PROTOPAD-THT-PAD";"";"";
"SOURCEA3";"TPTHT";"TPTHT";"PROTOPAD-THT-PAD";"";"";
"SOURCEA4";"TPTHT";"TPTHT";"PROTOPAD-THT-PAD";"";"";
"SOURCEA5";"TPTHT";"TPTHT";"PROTOPAD-THT-PAD";"";"";
"SOURCEA21";"TPTHT";"TPTHT";"PROTOPAD-THT-PAD";"";"";
"SOURCEA22";"TPTHT";"TPTHT";"PROTOPAD-THT-PAD";"";"";
"SOURCEA23";"TPTHT";"TPTHT";"PROTOPAD-THT-PAD";"";"";
"SOURCEA24";"TPTHT";"TPTHT";"PROTOPAD-THT-PAD";"";"";
"SOURCEA25";"TPTHT";"TPTHT";"PROTOPAD-THT-PAD";"";"";
"SOURCEA26";"TPTHT";"TPTHT";"PROTOPAD-THT-PAD";"";"";
"SOURCEA27";"TPTHT";"TPTHT";"PROTOPAD-THT-PAD";"";"";
"SOURCEA28";"TPTHT";"TPTHT";"PROTOPAD-THT-PAD";"";"";
"SOURCEA29";"TPTHT";"TPTHT";"PROTOPAD-THT-PAD";"";"";
"SOURCEA30";"TPTHT";"TPTHT";"PROTOPAD-THT-PAD";"";"";
"SOURCEA31";"TPTHT";"TPTHT";"PROTOPAD-THT-PAD";"";"";
"SOURCEA32";"TPTHT";"TPTHT";"PROTOPAD-THT-PAD";"";"";
"SOURCEA33";"TPTHT";"TPTHT";"PROTOPAD-THT-PAD";"";"";
"SOURCEA34";"TPTHT";"TPTHT";"PROTOPAD-THT-PAD";"";"";
"SOURCEA35";"TPTHT";"TPTHT";"PROTOPAD-THT-PAD";"";"";
"SOURCEA36";"TPTHT";"TPTHT";"PROTOPAD-THT-PAD";"";"";
"SOURCEA37";"TPTHT";"TPTHT";"PROTOPAD-THT-PAD";"";"";
"SOURCEA38";"TPTHT";"TPTHT";"PROTOPAD-THT-PAD";"";"";
"SOURCEA39";"TPTHT";"TPTHT";"PROTOPAD-THT-PAD";"";"";
"SOURCEA40";"TPTHT";"TPTHT";"PROTOPAD-THT-PAD";"";"";
"SOURCEA41";"TPTHT";"TPTHT";"PROTOPAD-THT-PAD";"";"";
"SOURCEA42";"TPTHT";"TPTHT";"PROTOPAD-THT-PAD";"";"";
"SOURCEA43";"TPTHT";"TPTHT";"PROTOPAD-THT-PAD";"";"";
"SOURCEA44";"TPTHT";"TPTHT";"PROTOPAD-THT-PAD";"";"";
"SOURCEA45";"TPTHT";"TPTHT";"PROTOPAD-THT-PAD";"";"";
"SOURCEA46";"TPTHT";"TPTHT";"PROTOPAD-THT-PAD";"";"";
"SOURCEA47";"TPTHT";"TPTHT";"PROTOPAD-THT-PAD";"";"";
"SOURCEA48";"TPTHT";"TPTHT";"PROTOPAD-THT-PAD";"";"";
"SOURCEA49";"TPTHT";"TPTHT";"PROTOPAD-THT-PAD";"";"";
"SOURCEA50";"TPTHT";"TPTHT";"PROTOPAD-THT-PAD";"";"";
"SOURCEA51";"TPTHT";"TPTHT";"PROTOPAD-THT-PAD";"";"";
"SOURCEA52";"TPTHT";"TPTHT";"PROTOPAD-THT-PAD";"";"";
"SOURCEA53";"TPTHT";"TPTHT";"PROTOPAD-THT-PAD";"";"";
"SOURCEA54";"TPTHT";"TPTHT";"PROTOPAD-THT-PAD";"";"";
"SOURCEA55";"TPTHT";"TPTHT";"PROTOPAD-THT-PAD";"";"";
"SOURCEA56";"TPTHT";"TPTHT";"PROTOPAD-THT-PAD";"";"";
"SOURCEA57";"TPTHT";"TPTHT";"PROTOPAD-THT-PAD";"";"";
"SOURCEA58";"TPTHT";"TPTHT";"PROTOPAD-THT-PAD";"";"";
"SOURCEA59";"TPTHT";"TPTHT";"PROTOPAD-THT-PAD";"";"";
"SOURCEA60";"TPTHT";"TPTHT";"PROTOPAD-THT-PAD";"";"";
"SOURCEA61";"TPTHT";"TPTHT";"PROTOPAD-THT-PAD";"";"";
"SOURCEA62";"TPTHT";"TPTHT";"PROTOPAD-THT-PAD";"";"";
"SOURCEA63";"TPTHT";"TPTHT";"PROTOPAD-THT-PAD";"";"";
"SOURCEA64";"TPTHT";"TPTHT";"PROTOPAD-THT-PAD";"";"";
"SOURCEA65";"TPTHT";"TPTHT";"PROTOPAD-THT-PAD";"";"";
"SOURCEA66";"TPTHT";"TPTHT";"PROTOPAD-THT-PAD";"";"";
"SOURCEA67";"TPTHT";"TPTHT";"PROTOPAD-THT-PAD";"";"";
"SOURCEA68";"TPTHT";"TPTHT";"PROTOPAD-THT-PAD";"";"";
"SOURCEA69";"TPTHT";"TPTHT";"PROTOPAD-THT-PAD";"";"";
"SOURCEA70";"TPTHT";"TPTHT";"PROTOPAD-THT-PAD";"";"";
"SOURCEA71";"TPTHT";"TPTHT";"PROTOPAD-THT-PAD";"";"";
"SOURCEA72";"TPTHT";"TPTHT";"PROTOPAD-THT-PAD";"";"";
"SOURCEA73";"TPTHT";"TPTHT";"PROTOPAD-THT-PAD";"";"";
"SOURCEA74";"TPTHT";"TPTHT";"PROTOPAD-THT-PAD";"";"";
"SOURCEA75";"TPTHT";"TPTHT";"PROTOPAD-THT-PAD";"";"";
"SOURCEA76";"TPTHT";"TPTHT";"PROTOPAD-THT-PAD";"";"";
"SOURCEA77";"TPTHT";"TPTHT";"PROTOPAD-THT-PAD";"";"";
"SOURCEA78";"TPTHT";"TPTHT";"PROTOPAD-THT-PAD";"";"";
"SOURCEA79";"TPTHT";"TPTHT";"PROTOPAD-THT-PAD";"";"";
"SOURCEA80";"TPTHT";"TPTHT";"PROTOPAD-THT-PAD";"";"";
"SOURCEA81";"TPTHT";"TPTHT";"PROTOPAD-THT-PAD";"";"";
"SOURCEA82";"TPTHT";"TPTHT";"PROTOPAD-THT-PAD";"";"";
"SOURCEA83";"TPTHT";"TPTHT";"PROTOPAD-THT-PAD";"";"";
"SOURCEA84";"TPTHT";"TPTHT";"PROTOPAD-THT-PAD";"";"";
"SOURCEA85";"TPTHT";"TPTHT";"PROTOPAD-THT-PAD";"";"";
"SOURCEA86";"TPTHT";"TPTHT";"PROTOPAD-THT-PAD";"";"";
"SOURCEA87";"TPTHT";"TPTHT";"PROTOPAD-THT-PAD";"";"";
"SOURCEA88";"TPTHT";"TPTHT";"PROTOPAD-THT-PAD";"";"";
"SOURCEA89";"TPTHT";"TPTHT";"PROTOPAD-THT-PAD";"";"";
"SOURCEA90";"TPTHT";"TPTHT";"PROTOPAD-THT-PAD";"";"";
"SOURCEA91";"TPTHT";"TPTHT";"PROTOPAD-THT-PAD";"";"";
"SOURCEA92";"TPTHT";"TPTHT";"PROTOPAD-THT-PAD";"";"";
"SOURCEA93";"TPTHT";"TPTHT";"PROTOPAD-THT-PAD";"";"";
"SOURCEA94";"TPTHT";"TPTHT";"PROTOPAD-THT-PAD";"";"";
"SOURCEA95";"TPTHT";"TPTHT";"PROTOPAD-THT-PAD";"";"";
"SOURCEA96";"TPTHT";"TPTHT";"PROTOPAD-THT-PAD";"";"";
"SOURCEA97";"TPTHT";"TPTHT";"PROTOPAD-THT-PAD";"";"";
"SOURCEA98";"TPTHT";"TPTHT";"PROTOPAD-THT-PAD";"";"";
"SOURCEA99";"TPTHT";"TPTHT";"PROTOPAD-THT-PAD";"";"";
"SOURCEA100";"TPTHT";"TPTHT";"PROTOPAD-THT-PAD";"";"";
"SOURCEA101";"TPTHT";"TPTHT";"PROTOPAD-THT-PAD";"";"";
"SOURCEA102";"TPTHT";"TPTHT";"PROTOPAD-THT-PAD";"";"";
"SOURCEA103";"TPTHT";"TPTHT";"PROTOPAD-THT-PAD";"";"";
"SOURCEA104";"TPTHT";"TPTHT";"PROTOPAD-THT-PAD";"";"";
"SOURCEA105";"TPTHT";"TPTHT";"PROTOPAD-THT-PAD";"";"";
"SOURCEA106";"TPTHT";"TPTHT";"PROTOPAD-THT-PAD";"";"";
"SOURCEA107";"TPTHT";"TPTHT";"PROTOPAD-THT-PAD";"";"";
"SOURCEA108";"TPTHT";"TPTHT";"PROTOPAD-THT-PAD";"";"";
"SOURCEA109";"TPTHT";"TPTHT";"PROTOPAD-THT-PAD";"";"";
"SOURCEA110";"TPTHT";"TPTHT";"PROTOPAD-THT-PAD";"";"";
"SOURCEA111";"TPTHT";"TPTHT";"PROTOPAD-THT-PAD";"";"";
"SOURCEA112";"TPTHT";"TPTHT";"PROTOPAD-THT-PAD";"";"";
"SOURCEB2";"TPTHT";"TPTHT";"PROTOPAD-THT-PAD";"";"";
"SOURCEB3";"TPTHT";"TPTHT";"PROTOPAD-THT-PAD";"";"";
"SOURCEB4";"TPTHT";"TPTHT";"PROTOPAD-THT-PAD";"";"";
"SOURCEB5";"TPTHT";"TPTHT";"PROTOPAD-THT-PAD";"";"";
"SOURCEB21";"TPTHT";"TPTHT";"PROTOPAD-THT-PAD";"";"";
"SOURCEB22";"TPTHT";"TPTHT";"PROTOPAD-THT-PAD";"";"";
"SOURCEB23";"TPTHT";"TPTHT";"PROTOPAD-THT-PAD";"";"";
"SOURCEB24";"TPTHT";"TPTHT";"PROTOPAD-THT-PAD";"";"";
"SOURCEB25";"TPTHT";"TPTHT";"PROTOPAD-THT-PAD";"";"";
"SOURCEB26";"TPTHT";"TPTHT";"PROTOPAD-THT-PAD";"";"";
"SOURCEB27";"TPTHT";"TPTHT";"PROTOPAD-THT-PAD";"";"";
"SOURCEB28";"TPTHT";"TPTHT";"PROTOPAD-THT-PAD";"";"";
"SOURCEB29";"TPTHT";"TPTHT";"PROTOPAD-THT-PAD";"";"";
"SOURCEB30";"TPTHT";"TPTHT";"PROTOPAD-THT-PAD";"";"";
"SOURCEB31";"TPTHT";"TPTHT";"PROTOPAD-THT-PAD";"";"";
"SOURCEB32";"TPTHT";"TPTHT";"PROTOPAD-THT-PAD";"";"";
"SOURCEB33";"TPTHT";"TPTHT";"PROTOPAD-THT-PAD";"";"";
"SOURCEB34";"TPTHT";"TPTHT";"PROTOPAD-THT-PAD";"";"";
"SOURCEB35";"TPTHT";"TPTHT";"PROTOPAD-THT-PAD";"";"";
"SOURCEB36";"TPTHT";"TPTHT";"PROTOPAD-THT-PAD";"";"";
"SOURCEB37";"TPTHT";"TPTHT";"PROTOPAD-THT-PAD";"";"";
"SOURCEB38";"TPTHT";"TPTHT";"PROTOPAD-THT-PAD";"";"";
"SOURCEB39";"TPTHT";"TPTHT";"PROTOPAD-THT-PAD";"";"";
"SOURCEB40";"TPTHT";"TPTHT";"PROTOPAD-THT-PAD";"";"";
"SOURCEB41";"TPTHT";"TPTHT";"PROTOPAD-THT-PAD";"";"";
"SOURCEB42";"TPTHT";"TPTHT";"PROTOPAD-THT-PAD";"";"";
"SOURCEB43";"TPTHT";"TPTHT";"PROTOPAD-THT-PAD";"";"";
"SOURCEB44";"TPTHT";"TPTHT";"PROTOPAD-THT-PAD";"";"";
"SOURCEB45";"TPTHT";"TPTHT";"PROTOPAD-THT-PAD";"";"";
"SOURCEB46";"TPTHT";"TPTHT";"PROTOPAD-THT-PAD";"";"";
"SOURCEB47";"TPTHT";"TPTHT";"PROTOPAD-THT-PAD";"";"";
"SOURCEB48";"TPTHT";"TPTHT";"PROTOPAD-THT-PAD";"";"";
"SOURCEB49";"TPTHT";"TPTHT";"PROTOPAD-THT-PAD";"";"";
"SOURCEB50";"TPTHT";"TPTHT";"PROTOPAD-THT-PAD";"";"";
"SOURCEB51";"TPTHT";"TPTHT";"PROTOPAD-THT-PAD";"";"";
"SOURCEB52";"TPTHT";"TPTHT";"PROTOPAD-THT-PAD";"";"";
"SOURCEB53";"TPTHT";"TPTHT";"PROTOPAD-THT-PAD";"";"";
"SOURCEB54";"TPTHT";"TPTHT";"PROTOPAD-THT-PAD";"";"";
"SOURCEB55";"TPTHT";"TPTHT";"PROTOPAD-THT-PAD";"";"";
"SOURCEB56";"TPTHT";"TPTHT";"PROTOPAD-THT-PAD";"";"";
"SOURCEB57";"TPTHT";"TPTHT";"PROTOPAD-THT-PAD";"";"";
"SOURCEB58";"TPTHT";"TPTHT";"PROTOPAD-THT-PAD";"";"";
"SOURCEB59";"TPTHT";"TPTHT";"PROTOPAD-THT-PAD";"";"";
"SOURCEB60";"TPTHT";"TPTHT";"PROTOPAD-THT-PAD";"";"";
"SOURCEB61";"TPTHT";"TPTHT";"PROTOPAD-THT-PAD";"";"";
"SOURCEB62";"TPTHT";"TPTHT";"PROTOPAD-THT-PAD";"";"";
"SOURCEB63";"TPTHT";"TPTHT";"PROTOPAD-THT-PAD";"";"";
"SOURCEB64";"TPTHT";"TPTHT";"PROTOPAD-THT-PAD";"";"";
"SOURCEB65";"TPTHT";"TPTHT";"PROTOPAD-THT-PAD";"";"";
"SOURCEB66";"TPTHT";"TPTHT";"PROTOPAD-THT-PAD";"";"";
"SOURCEB67";"TPTHT";"TPTHT";"PROTOPAD-THT-PAD";"";"";
"SOURCEB68";"TPTHT";"TPTHT";"PROTOPAD-THT-PAD";"";"";
"SOURCEB69";"TPTHT";"TPTHT";"PROTOPAD-THT-PAD";"";"";
"SOURCEB70";"TPTHT";"TPTHT";"PROTOPAD-THT-PAD";"";"";
"SOURCEB71";"TPTHT";"TPTHT";"PROTOPAD-THT-PAD";"";"";
"SOURCEB72";"TPTHT";"TPTHT";"PROTOPAD-THT-PAD";"";"";
"SOURCEB73";"TPTHT";"TPTHT";"PROTOPAD-THT-PAD";"";"";
"SOURCEB74";"TPTHT";"TPTHT";"PROTOPAD-THT-PAD";"";"";
"SOURCEB75";"TPTHT";"TPTHT";"PROTOPAD-THT-PAD";"";"";
"SOURCEB76";"TPTHT";"TPTHT";"PROTOPAD-THT-PAD";"";"";
"SOURCEB77";"TPTHT";"TPTHT";"PROTOPAD-THT-PAD";"";"";
"SOURCEB78";"TPTHT";"TPTHT";"PROTOPAD-THT-PAD";"";"";
"SOURCEB79";"TPTHT";"TPTHT";"PROTOPAD-THT-PAD";"";"";
"SOURCEB80";"TPTHT";"TPTHT";"PROTOPAD-THT-PAD";"";"";
"SOURCEB81";"TPTHT";"TPTHT";"PROTOPAD-THT-PAD";"";"";
"SOURCEB82";"TPTHT";"TPTHT";"PROTOPAD-THT-PAD";"";"";
"SOURCEB83";"TPTHT";"TPTHT";"PROTOPAD-THT-PAD";"";"";
"SOURCEB84";"TPTHT";"TPTHT";"PROTOPAD-THT-PAD";"";"";
"SOURCEB85";"TPTHT";"TPTHT";"PROTOPAD-THT-PAD";"";"";
"SOURCEB86";"TPTHT";"TPTHT";"PROTOPAD-THT-PAD";"";"";
"SOURCEB87";"TPTHT";"TPTHT";"PROTOPAD-THT-PAD";"";"";
"SOURCEB88";"TPTHT";"TPTHT";"PROTOPAD-THT-PAD";"";"";
"SOURCEB89";"TPTHT";"TPTHT";"PROTOPAD-THT-PAD";"";"";
"SOURCEB90";"TPTHT";"TPTHT";"PROTOPAD-THT-PAD";"";"";
"SOURCEB91";"TPTHT";"TPTHT";"PROTOPAD-THT-PAD";"";"";
"SOURCEB92";"TPTHT";"TPTHT";"PROTOPAD-THT-PAD";"";"";
"SOURCEB93";"TPTHT";"TPTHT";"PROTOPAD-THT-PAD";"";"";
"SOURCEB94";"TPTHT";"TPTHT";"PROTOPAD-THT-PAD";"";"";
"SOURCEB95";"TPTHT";"TPTHT";"PROTOPAD-THT-PAD";"";"";
"SOURCEB96";"TPTHT";"TPTHT";"PROTOPAD-THT-PAD";"";"";
"SOURCEB97";"TPTHT";"TPTHT";"PROTOPAD-THT-PAD";"";"";
"SOURCEB98";"TPTHT";"TPTHT";"PROTOPAD-THT-PAD";"";"";
"SOURCEB99";"TPTHT";"TPTHT";"PROTOPAD-THT-PAD";"";"";
"SOURCEB100";"TPTHT";"TPTHT";"PROTOPAD-THT-PAD";"";"";
"SOURCEB101";"TPTHT";"TPTHT";"PROTOPAD-THT-PAD";"";"";
"SOURCEB102";"TPTHT";"TPTHT";"PROTOPAD-THT-PAD";"";"";
"SOURCEB103";"TPTHT";"TPTHT";"PROTOPAD-THT-PAD";"";"";
"SOURCEB104";"TPTHT";"TPTHT";"PROTOPAD-THT-PAD";"";"";
"SOURCEB105";"TPTHT";"TPTHT";"PROTOPAD-THT-PAD";"";"";
"SOURCEB106";"TPTHT";"TPTHT";"PROTOPAD-THT-PAD";"";"";
"SOURCEB107";"TPTHT";"TPTHT";"PROTOPAD-THT-PAD";"";"";
"SOURCEB108";"TPTHT";"TPTHT";"PROTOPAD-THT-PAD";"";"";
"SOURCEB109";"TPTHT";"TPTHT";"PROTOPAD-THT-PAD";"";"";
"SOURCEB110";"TPTHT";"TPTHT";"PROTOPAD-THT-PAD";"";"";
"SOURCEB111";"TPTHT";"TPTHT";"PROTOPAD-THT-PAD";"";"";
"SOURCEB112";"TPTHT";"TPTHT";"PROTOPAD-THT-PAD";"";"";
"VCC1";"TPTHT";"TPTHT";"PROTOPAD-THT-PAD";"";"";
"VIN+1";"TPTHT";"TPTHT";"PROTOPAD-THT-PAD";"";"";
"VIN-1";"TPTHT";"TPTHT";"PROTOPAD-THT-PAD";"";"";
"VSS1";"TPTHT";"TPTHT";"PROTOPAD-THT-PAD";"";"";
